Rk,Player,Nation_x,Pos,Squad_x,Comp,Age,Born,MP,Starts,Min,90s,Gls,Ast,G+A,G-PK,PK,PKatt,CrdY,CrdR,xG,npxG,xAG,npxG+xAG,PrgC,PrgP,PrgR,G+A-PK,xG+xAG,Rk_stats_shooting,Nation_stats_shooting,Pos_stats_shooting,Comp_stats_shooting,Age_stats_shooting,Born_stats_shooting,90s_stats_shooting,Gls_stats_shooting,Sh,SoT,SoT%,Sh/90,SoT/90,G/Sh,G/SoT,Dist,FK,PK_stats_shooting,PKatt_stats_shooting,xG_stats_shooting,npxG_stats_shooting,npxG/Sh,G-xG,np:G-xG,Rk_stats_passing,Nation_stats_passing,Pos_stats_passing,Comp_stats_passing,Age_stats_passing,Born_stats_passing,90s_stats_passing,Cmp,Att,Cmp%,TotDist,PrgDist,Ast_stats_passing,xAG_stats_passing,xA,A-xAG,KP,1/3,PPA,CrsPA,PrgP_stats_passing,Rk_stats_passing_types,Nation_stats_passing_types,Pos_stats_passing_types,Comp_stats_passing_types,Age_stats_passing_types,Born_stats_passing_types,90s_stats_passing_types,Att_stats_passing_types,Live,Dead,FK_stats_passing_types,TB,Sw,Crs,TI,CK,In,Out,Str,Cmp_stats_passing_types,Off,Blocks,Rk_stats_gca,Nation_stats_gca,Pos_stats_gca,Comp_stats_gca,Age_stats_gca,Born_stats_gca,90s_stats_gca,SCA,SCA90,PassLive,PassDead,TO,Sh_stats_gca,Fld,Def,GCA,GCA90,Rk_stats_defense,Nation_stats_defense,Pos_stats_defense,Comp_stats_defense,Age_stats_defense,Born_stats_defense,90s_stats_defense,Tkl,TklW,Def 3rd,Mid 3rd,Att 3rd,Att_stats_defense,Tkl%,Lost,Blocks_stats_defense,Sh_stats_defense,Pass,Int,Tkl+Int,Clr,Err,Rk_stats_possession,Nation_stats_possession,Pos_stats_possession,Comp_stats_possession,Age_stats_possession,Born_stats_possession,90s_stats_possession,Touches,Def Pen,Def 3rd_stats_possession,Mid 3rd_stats_possession,Att 3rd_stats_possession,Att Pen,Live_stats_possession,Att_stats_possession,Succ,Succ%,Tkld,Tkld%,Carries,TotDist_stats_possession,PrgDist_stats_possession,PrgC_stats_possession,1/3_stats_possession,CPA,Mis,Dis,Rec,PrgR_stats_possession,Rk_stats_playing_time,Nation_stats_playing_time,Pos_stats_playing_time,Comp_stats_playing_time,Age_stats_playing_time,Born_stats_playing_time,MP_stats_playing_time,Min_stats_playing_time,Mn/MP,Min%,90s_stats_playing_time,Starts_stats_playing_time,Mn/Start,Compl,Subs,Mn/Sub,unSub,PPM,onG,onGA,+/-,+/-90,On-Off,onxG,onxGA,xG+/-,xG+/-90,Rk_stats_misc,Nation_stats_misc,Pos_stats_misc,Comp_stats_misc,Age_stats_misc,Born_stats_misc,90s_stats_misc,CrdY_stats_misc,CrdR_stats_misc,2CrdY,Fls,Fld_stats_misc,Off_stats_misc,Crs_stats_misc,Int_stats_misc,TklW_stats_misc,PKwon,PKcon,OG,Recov,Won,Lost_stats_misc,Won%,Rk_stats_keeper,Nation_stats_keeper,Pos_stats_keeper,Comp_stats_keeper,Age_stats_keeper,Born_stats_keeper,MP_stats_keeper,Starts_stats_keeper,Min_stats_keeper,90s_stats_keeper,GA,GA90,SoTA,Saves,Save%,W,D,L,CS,CS%,PKatt_stats_keeper,PKA,PKsv,PKm,Rk_stats_keeper_adv,Nation_stats_keeper_adv,Pos_stats_keeper_adv,Comp_stats_keeper_adv,Age_stats_keeper_adv,Born_stats_keeper_adv,90s_stats_keeper_adv,GA_stats_keeper_adv,PKA_stats_keeper_adv,FK_stats_keeper_adv,CK_stats_keeper_adv,OG_stats_keeper_adv,PSxG,PSxG/SoT,PSxG+/-,/90,Cmp_stats_keeper_adv,Att_stats_keeper_adv,Cmp%_stats_keeper_adv,Att (GK),Thr,Launch%,AvgLen,Opp,Stp,Stp%,#OPA,#OPA/90,AvgDist,Squad_y,Nation_y,Market_Value_EUR,Weekly_Salary_EUR,Contract_Expiry,Height_cm,Weight_kg,Preferred_Foot
1,Max Aarons,eng ENG,DF,Bournemouth,eng Premier League,25.0,2000.0,3,1,86,1.0,0,0,0,0,0,0,0,0,0.0,0.0,0.0,0.0,1,8,3,0.0,0.0,1,eng ENG,DF,eng Premier League,25-044,2000.0,1.0,0,0,0,,0.0,0.0,,,,0,0,0,0.0,0.0,,0.0,0.0,1,eng ENG,DF,eng Premier League,25-044,2000.0,1.0,50,63,79.4,887,361,0,0.0,0.0,0.0,0,8,0,0,8,1,eng ENG,DF,eng Premier League,25-044,2000.0,1.0,63,51,12,2,0,0,2,10,0,0,0,0,50,0,1,1,eng ENG,DF,eng Premier League,25-044,2000.0,1.0,2,2.09,2,0,0,0,0,0,0,0.0,1,eng ENG,DF,eng Premier League,25-044,2000.0,1.0,2,2,1,1,0,1,100.0,0,3,1,2,1,3,0,0,1,eng ENG,DF,eng Premier League,25-044,2000.0,1.0,73,2,19,40,15,0,73,2,0,0.0,1,50.0,41,152,68,1,0,0,1,0,40,3,1,eng ENG,DF,eng Premier League,25-044,2000.0,3,86.0,29.0,3.8,1.0,1,61.0,0,2,13.0,11,0.67,2.0,0.0,2.0,2.09,1.55,2.3,0.3,2.0,2.12,1,eng ENG,DF,eng Premier League,25-044,2000.0,1.0,0,0,0,0,2,0,2,1,2,0,0,0,7,0,0,,,,,,,,,,,,,,,,,,,,,,,,,,,,,,,,,,,,,,,,,,,,,,,,,,,,,,,Bournemouth,eng ENG,"15,000,000","50,000",2027-06-30,180,75,Right
1,Max Aarons,eng ENG,DF,Bournemouth,eng Premier League,25.0,2000.0,3,1,86,1.0,0,0,0,0,0,0,0,0,0.0,0.0,0.0,0.0,1,8,3,0.0,0.0,1,eng ENG,DF,eng Premier League,25-044,2000.0,1.0,0,0,0,,0.0,0.0,,,,0,0,0,0.0,0.0,,0.0,0.0,1,eng ENG,DF,eng Premier League,25-044,2000.0,1.0,50,63,79.4,887,361,0,0.0,0.0,0.0,0,8,0,0,8,1,eng ENG,DF,eng Premier League,25-044,2000.0,1.0,63,51,12,2,0,0,2,10,0,0,0,0,50,0,1,1,eng ENG,DF,eng Premier League,25-044,2000.0,1.0,2,2.09,2,0,0,0,0,0,0,0.0,1,eng ENG,DF,eng Premier League,25-044,2000.0,1.0,2,2,1,1,0,1,100.0,0,3,1,2,1,3,0,0,1,eng ENG,DF,eng Premier League,25-044,2000.0,1.0,73,2,19,40,15,0,73,2,0,0.0,1,50.0,41,152,68,1,0,0,1,0,40,3,1,eng ENG,DF,eng Premier League,25-044,2000.0,3,86.0,29.0,3.8,1.0,1,61.0,0,2,13.0,11,0.67,2.0,0.0,2.0,2.09,1.55,2.3,0.3,2.0,2.12,1,eng ENG,DF,eng Premier League,25-044,2000.0,1.0,0,0,0,0,2,0,2,1,2,0,0,0,7,0,0,,,,,,,,,,,,,,,,,,,,,,,,,,,,,,,,,,,,,,,,,,,,,,,,,,,,,,,Valencia,eng ENG,"12,000,000","45,000",2026-12-31,180,75,Right
2,Max Aarons,eng ENG,MF,Valencia,es La Liga,25.0,2000.0,1,0,31,0.3,0,0,0,0,0,0,0,0,0.0,0.0,0.0,0.0,0,2,3,0.0,0.0,2,eng ENG,MF,es La Liga,25-044,2000.0,0.3,0,0,0,,0.0,0.0,,,,0,0,0,0.0,0.0,,0.0,0.0,2,eng ENG,MF,es La Liga,25-044,2000.0,0.3,14,18,77.8,222,48,0,0.0,0.0,0.0,0,1,0,0,2,2,eng ENG,MF,es La Liga,25-044,2000.0,0.3,18,14,4,0,0,0,2,4,0,0,0,0,14,0,0,2,eng ENG,MF,es La Liga,25-044,2000.0,0.3,0,0.0,0,0,0,0,0,0,0,0.0,2,eng ENG,MF,es La Liga,25-044,2000.0,0.3,1,1,0,1,0,1,100.0,0,1,0,1,0,1,0,0,2,eng ENG,MF,es La Liga,25-044,2000.0,0.3,24,0,4,4,16,0,24,2,1,50.0,0,0.0,10,28,10,0,0,0,1,1,11,3,2,eng ENG,MF,es La Liga,25-044,2000.0,1,31.0,31.0,1.4,0.3,0,,0,1,31.0,4,0.0,0.0,2.0,-2.0,-5.81,-5.34,0.9,0.6,0.4,1.1,2,eng ENG,MF,es La Liga,25-044,2000.0,0.3,0,0,0,0,0,0,2,0,1,0,0,0,4,0,0,,,,,,,,,,,,,,,,,,,,,,,,,,,,,,,,,,,,,,,,,,,,,,,,,,,,,,,Bournemouth,eng ENG,"15,000,000","50,000",2027-06-30,180,75,Right
2,Max Aarons,eng ENG,MF,Valencia,es La Liga,25.0,2000.0,1,0,31,0.3,0,0,0,0,0,0,0,0,0.0,0.0,0.0,0.0,0,2,3,0.0,0.0,2,eng ENG,MF,es La Liga,25-044,2000.0,0.3,0,0,0,,0.0,0.0,,,,0,0,0,0.0,0.0,,0.0,0.0,2,eng ENG,MF,es La Liga,25-044,2000.0,0.3,14,18,77.8,222,48,0,0.0,0.0,0.0,0,1,0,0,2,2,eng ENG,MF,es La Liga,25-044,2000.0,0.3,18,14,4,0,0,0,2,4,0,0,0,0,14,0,0,2,eng ENG,MF,es La Liga,25-044,2000.0,0.3,0,0.0,0,0,0,0,0,0,0,0.0,2,eng ENG,MF,es La Liga,25-044,2000.0,0.3,1,1,0,1,0,1,100.0,0,1,0,1,0,1,0,0,2,eng ENG,MF,es La Liga,25-044,2000.0,0.3,24,0,4,4,16,0,24,2,1,50.0,0,0.0,10,28,10,0,0,0,1,1,11,3,2,eng ENG,MF,es La Liga,25-044,2000.0,1,31.0,31.0,1.4,0.3,0,,0,1,31.0,4,0.0,0.0,2.0,-2.0,-5.81,-5.34,0.9,0.6,0.4,1.1,2,eng ENG,MF,es La Liga,25-044,2000.0,0.3,0,0,0,0,0,0,2,0,1,0,0,0,4,0,0,,,,,,,,,,,,,,,,,,,,,,,,,,,,,,,,,,,,,,,,,,,,,,,,,,,,,,,Valencia,eng ENG,"12,000,000","45,000",2026-12-31,180,75,Right
3,Rodrigo Abajas,es ESP,DF,Valencia,es La Liga,21.0,2003.0,1,1,65,0.7,0,0,0,0,0,0,1,0,0.1,0.1,0.0,0.1,3,2,3,0.0,0.1,3,es ESP,DF,es La Liga,21-281,2003.0,0.7,0,1,0,0.0,1.38,0.0,0.0,,24.5,0,0,0,0.1,0.1,0.07,-0.1,-0.1,3,es ESP,DF,es La Liga,21-281,2003.0,0.7,17,29,58.6,268,110,0,0.0,0.0,0.0,0,0,0,0,2,3,es ESP,DF,es La Liga,21-281,2003.0,0.7,29,21,8,0,0,0,1,8,0,0,0,0,17,0,2,3,es ESP,DF,es La Liga,21-281,2003.0,0.7,0,0.0,0,0,0,0,0,0,0,0.0,3,es ESP,DF,es La Liga,21-281,2003.0,0.7,3,2,2,1,0,3,100.0,0,1,0,1,1,4,0,0,3,es ESP,DF,es La Liga,21-281,2003.0,0.7,36,1,8,19,9,1,36,1,1,100.0,0,0.0,13,101,67,3,2,1,0,2,16,3,4,es ESP,DF,es La Liga,21-281,2003.0,1,65.0,65.0,3.0,0.7,1,65.0,0,0,,8,0.0,1.0,2.0,-1.0,-1.38,-0.87,1.4,0.7,0.7,0.93,3,es ESP,DF,es La Liga,21-281,2003.0,0.7,1,0,0,2,0,1,1,1,2,0,0,0,2,0,1,0.0,,,,,,,,,,,,,,,,,,,,,,,,,,,,,,,,,,,,,,,,,,,,,,,,,,,,,,Valencia,es ESP,"5,000,000","20,000",2026-12-31,178,72,Left
4,James Abankwah,ie IRL,"DF,MF",Udinese,it Serie A,21.0,2004.0,6,0,88,1.0,0,0,0,0,0,0,1,0,0.1,0.1,0.0,0.1,3,4,1,0.0,0.06,4,ie IRL,"DF,MF",it Serie A,21-032,2004.0,1.0,0,1,0,0.0,1.02,0.0,0.0,,15.0,0,0,0,0.1,0.1,0.06,-0.1,-0.1,4,ie IRL,"DF,MF",it Serie A,21-032,2004.0,1.0,36,46,78.3,614,206,0,0.0,0.0,0.0,0,2,0,0,4,4,ie IRL,"DF,MF",it Serie A,21-032,2004.0,1.0,46,45,1,1,0,0,0,0,0,0,0,0,36,0,0,4,ie IRL,"DF,MF",it Serie A,21-032,2004.0,1.0,1,1.02,1,0,0,0,0,0,0,0.0,4,ie IRL,"DF,MF",it Serie A,21-032,2004.0,1.0,4,2,4,0,0,3,66.7,1,2,1,1,1,5,3,0,4,ie IRL,"DF,MF",it Serie A,21-032,2004.0,1.0,65,8,37,22,7,2,65,0,0,,0,,29,219,165,3,1,1,1,3,34,1,5,ie IRL,"DF,MF",it Serie A,21-032,2004.0,6,88.0,15.0,3.9,1.0,0,,0,6,15.0,12,1.67,2.0,0.0,2.0,2.05,2.46,0.6,1.5,-0.9,-0.91,4,ie IRL,"DF,MF",it Serie A,21-032,2004.0,1.0,1,0,0,4,3,0,0,1,2,0,0,0,7,2,2,50.0,,,,,,,,,,,,,,,,,,,,,,,,,,,,,,,,,,,,,,,,,,,,,,,,,,,,,,Udinese,ie IRL,"8,000,000","30,000",2028-06-30,185,80,Right
5,Keyliane Abdallah,fr FRA,FW,Marseille,fr Ligue 1,18.0,2006.0,1,0,3,0.0,0,0,0,0,0,0,0,0,0.0,0.0,0.0,0.0,1,0,0,0.0,0.0,5,fr FRA,FW,fr Ligue 1,18-318,2006.0,0.0,0,0,0,,0.0,0.0,,,,0,0,0,0.0,0.0,,0.0,0.0,5,fr FRA,FW,fr Ligue 1,18-318,2006.0,0.0,2,2,100.0,41,0,0,0.0,0.0,0.0,0,0,0,0,0,5,fr FRA,FW,fr Ligue 1,18-318,2006.0,0.0,2,2,0,0,0,0,0,0,0,0,0,0,2,0,0,5,fr FRA,FW,fr Ligue 1,18-318,2006.0,0.0,0,0.0,0,0,0,0,0,0,0,0.0,5,fr FRA,FW,fr Ligue 1,18-318,2006.0,0.0,1,1,1,0,0,1,100.0,0,0,0,0,0,1,0,0,5,fr FRA,FW,fr Ligue 1,18-318,2006.0,0.0,4,0,3,1,0,0,4,0,0,,0,,1,10,9,1,0,0,1,0,3,0,7,fr FRA,FW,fr Ligue 1,18-318,2006.0,1,3.0,3.0,0.2,0.0,0,,0,1,3.0,7,3.0,0.0,0.0,0.0,0.0,-1.09,0.0,0.0,0.0,-0.49,5,fr FRA,FW,fr Ligue 1,18-318,2006.0,0.0,0,0,0,0,0,0,0,0,1,0,0,0,0,0,0,,,,,,,,,,,,,,,,,,,,,,,,,,,,,,,,,,,,,,,,,,,,,,,,,,,,,,,Marseille,fr FRA,"2,000,000","10,000",2025-06-30,175,68,Right
6,Yunis Abdelhamid,ma MAR,DF,Saint-Étienne,fr Ligue 1,37.0,1987.0,12,11,976,10.8,0,0,0,0,0,0,2,0,0.2,0.2,0.1,0.4,4,22,3,0.0,0.03,6,ma MAR,DF,fr Ligue 1,37-142,1987.0,10.8,0,2,1,50.0,0.18,0.09,0.0,0.0,10.8,0,0,0,0.2,0.2,0.12,-0.2,-0.2,6,ma MAR,DF,fr Ligue 1,37-142,1987.0,10.8,432,498,86.7,7860,2367,0,0.1,0.3,-0.1,2,27,0,0,22,6,ma MAR,DF,fr Ligue 1,37-142,1987.0,10.8,498,456,40,20,0,0,0,1,0,0,0,0,432,2,1,6,ma MAR,DF,fr Ligue 1,37-142,1987.0,10.8,6,0.55,5,1,0,0,0,0,0,0.0,6,ma MAR,DF,fr Ligue 1,37-142,1987.0,10.8,17,11,15,2,0,16,62.5,6,24,17,7,13,30,56,1,6,ma MAR,DF,fr Ligue 1,37-142,1987.0,10.8,630,124,405,213,14,7,630,6,3,50.0,3,50.0,319,1723,837,4,1,0,8,3,390,3,8,ma MAR,DF,fr Ligue 1,37-142,1987.0,12,976.0,81.0,49.3,10.8,11,85.0,9,1,40.0,9,0.5,4.0,31.0,-27.0,-2.49,-2.22,8.0,26.3,-18.3,-1.68,6,ma MAR,DF,fr Ligue 1,37-142,1987.0,10.8,2,0,0,16,6,0,0,13,11,0,0,0,42,19,8,70.4,,,,,,,,,,,,,,,,,,,,,,,,,,,,,,,,,,,,,,,,,,,,,,,,,,,,,,Saint-Étienne,ma MAR,"4,000,000","25,000",2024-06-30,190,85,Right
7,Himad Abdelli,dz ALG,"MF,FW",Angers,fr Ligue 1,25.0,1999.0,21,21,1862,20.7,4,1,5,2,2,3,2,0,4.2,1.8,2.8,4.6,78,146,87,0.15,0.34,7,dz ALG,"MF,FW",fr Ligue 1,25-092,1999.0,20.7,4,20,5,25.0,0.97,0.24,0.1,0.4,24.6,0,2,3,4.2,1.8,0.09,-0.2,0.2,7,dz ALG,"MF,FW",fr Ligue 1,25-092,1999.0,20.7,959,1170,82.0,14535,3923,1,2.8,2.7,-1.8,29,112,27,1,146,7,dz ALG,"MF,FW",fr Ligue 1,25-092,1999.0,20.7,1170,1087,77,31,17,7,36,12,8,4,2,0,959,6,23,7,dz ALG,"MF,FW",fr Ligue 1,25-092,1999.0,20.7,64,3.09,55,2,2,1,2,2,2,0.1,7,dz ALG,"MF,FW",fr Ligue 1,25-092,1999.0,20.7,32,23,8,13,11,30,36.7,19,11,0,11,16,48,16,1,7,dz ALG,"MF,FW",fr Ligue 1,25-092,1999.0,20.7,1374,18,180,780,438,38,1371,84,39,46.4,43,51.2,813,5199,2979,78,59,16,34,30,1017,87,10,dz ALG,"MF,FW",fr Ligue 1,25-092,1999.0,21,1862.0,89.0,94.0,20.7,21,89.0,16,0,,0,1.1,19.0,31.0,-12.0,-0.58,-2.87,21.7,31.8,-10.1,-0.49,7,dz ALG,"MF,FW",fr Ligue 1,25-092,1999.0,20.7,2,0,0,33,25,2,36,16,23,0,0,0,116,10,15,40.0,,,,,,,,,,,,,,,,,,,,,,,,,,,,,,,,,,,,,,,,,,,,,,,,,,,,,,Angers,dz ALG,"3,500,000","22,000",2025-12-31,178,70,Left
8,Mohamed Abdelmoneim,eg EGY,DF,Nice,fr Ligue 1,26.0,1999.0,9,7,609,6.8,0,0,0,0,0,0,2,0,0.0,0.0,0.0,0.0,2,26,3,0.0,0.0,8,eg EGY,DF,fr Ligue 1,26-016,1999.0,6.8,0,0,0,,0.0,0.0,,,,0,0,0,0.0,0.0,,0.0,0.0,8,eg EGY,DF,fr Ligue 1,26-016,1999.0,6.8,291,332,87.7,5339,1686,0,0.0,0.1,0.0,0,15,1,0,26,8,eg EGY,DF,fr Ligue 1,26-016,1999.0,6.8,332,313,19,15,0,6,0,2,0,0,0,0,291,0,1,8,eg EGY,DF,fr Ligue 1,26-016,1999.0,6.8,3,0.44,3,0,0,0,0,0,0,0.0,8,eg EGY,DF,fr Ligue 1,26-016,1999.0,6.8,17,12,11,5,1,18,61.1,7,6,3,3,13,30,39,1,8,eg EGY,DF,fr Ligue 1,26-016,1999.0,6.8,410,56,199,194,19,1,410,3,1,33.3,2,66.7,200,756,403,2,0,0,2,2,234,3,11,eg EGY,DF,fr Ligue 1,26-016,1999.0,9,609.0,68.0,30.8,6.8,7,84.0,6,2,12.0,7,1.89,10.0,10.0,0.0,0.0,-0.98,10.9,8.6,2.3,0.35,8,eg EGY,DF,fr Ligue 1,26-016,1999.0,6.8,2,0,0,4,6,0,0,13,12,0,0,0,31,22,13,62.9,,,,,,,,,,,,,,,,,,,,,,,,,,,,,,,,,,,,,,,,,,,,,,,,,,,,,,Nice,eg EGY,"6,000,000","35,000",2027-06-30,185,78,Right
9,Ali Abdi,tn TUN,"DF,MF",Nice,fr Ligue 1,31.0,1993.0,14,10,868,9.6,2,2,4,2,0,0,1,0,1.2,1.2,1.4,2.5,26,29,58,0.41,0.26,9,tn TUN,"DF,MF",fr Ligue 1,31-059,1993.0,9.6,2,16,5,31.3,1.66,0.52,0.13,0.4,19.8,0,0,0,1.2,1.2,0.07,0.8,0.8,9,tn TUN,"DF,MF",fr Ligue 1,31-059,1993.0,9.6,294,400,73.5,4659,1672,2,1.4,1.2,0.6,12,11,13,3,29,9,tn TUN,"DF,MF",fr Ligue 1,31-059,1993.0,9.6,400,326,70,8,0,2,25,62,0,0,0,0,294,4,11,9,tn TUN,"DF,MF",fr Ligue 1,31-059,1993.0,9.6,28,2.9,19,3,3,2,0,1,2,0.21,9,tn TUN,"DF,MF",fr Ligue 1,31-059,1993.0,9.6,24,16,10,8,6,28,67.9,9,15,4,11,10,34,26,0,9,tn TUN,"DF,MF",fr Ligue 1,31-059,1993.0,9.6,519,38,150,200,173,27,519,15,7,46.7,8,53.3,210,1051,605,26,9,8,16,10,279,58,12,tn TUN,"DF,MF",fr Ligue 1,31-059,1993.0,14,868.0,62.0,43.8,9.6,10,81.0,5,4,15.0,0,1.86,16.0,8.0,8.0,0.83,0.26,16.3,10.2,6.1,0.63,9,tn TUN,"DF,MF",fr Ligue 1,31-059,1993.0,9.6,1,0,0,14,7,2,25,10,16,0,0,0,43,13,10,56.5,,,,,,,,,,,,,,,,,,,,,,,,,,,,,,,,,,,,,,,,,,,,,,,,,,,,,,Nice,tn TUN,"7,500,000","40,000",2026-06-30,182,76,Left
10,Saud Abdulhamid,sa KSA,DF,Roma,it Serie A,25.0,1999.0,3,1,142,1.6,0,1,1,0,0,0,0,0,0.0,0.0,0.1,0.1,4,6,18,0.63,0.09,10,sa KSA,DF,it Serie A,25-214,1999.0,1.6,0,1,0,0.0,0.63,0.0,0.0,,24.7,0,0,0,0.0,0.0,0.03,0.0,0.0,10,sa KSA,DF,it Serie A,25-214,1999.0,1.6,77,86,89.5,1142,226,1,0.1,0.2,0.9,1,3,2,1,6,10,sa KSA,DF,it Serie A,25-214,1999.0,1.6,86,68,18,1,0,0,4,17,0,0,0,0,77,0,1,10,sa KSA,DF,it Serie A,25-214,1999.0,1.6,3,1.91,3,0,0,0,0,0,1,0.64,10,sa KSA,DF,it Serie A,25-214,1999.0,1.6,2,1,1,0,1,1,100.0,0,1,0,1,1,3,0,0,10,sa KSA,DF,it Serie A,25-214,1999.0,1.6,97,0,18,45,35,3,97,5,2,40.0,1,20.0,62,274,119,4,0,1,2,1,72,18,13,sa KSA,DF,it Serie A,25-214,1999.0,3,142.0,47.0,6.3,1.6,1,61.0,0,2,41.0,20,1.0,3.0,1.0,2.0,1.27,1.1,1.9,1.4,0.5,0.33,10,sa KSA,DF,it Serie A,25-214,1999.0,1.6,0,0,0,1,4,0,4,1,1,0,1,0,2,0,1,0.0,,,,,,,,,,,,,,,,,,,,,,,,,,,,,,,,,,,,,,,,,,,,,,,,,,,,,,Roma,sa KSA,"3,000,000","15,000",2025-06-30,176,71,Right
11,Abel,es ESP,DF,Osasuna,es La Liga,24.0,2000.0,23,12,1321,14.7,2,0,2,2,0,0,2,0,0.4,0.4,0.6,1.0,33,48,48,0.14,0.07,11,es ESP,DF,es La Liga,24-180,2000.0,14.7,2,9,3,33.3,0.61,0.2,0.22,0.67,25.1,0,0,0,0.4,0.4,0.04,1.6,1.6,11,es ESP,DF,es La Liga,24-180,2000.0,14.7,466,665,70.1,7933,3356,0,0.6,0.9,-0.6,6,39,8,6,48,11,es ESP,DF,es La Liga,24-180,2000.0,14.7,665,507,156,9,1,1,57,147,0,0,0,0,466,2,30,11,es ESP,DF,es La Liga,24-180,2000.0,14.7,16,1.09,13,0,1,0,1,1,2,0.14,11,es ESP,DF,es La Liga,24-180,2000.0,14.7,33,23,14,12,7,35,57.1,15,20,2,18,11,44,40,1,11,es ESP,DF,es La Liga,24-180,2000.0,14.7,816,40,249,373,203,10,816,22,12,54.5,8,36.4,342,1930,999,33,28,4,15,10,384,48,14,es ESP,DF,es La Liga,24-180,2000.0,23,1321.0,57.0,61.2,14.7,12,87.0,9,11,25.0,1,1.39,15.0,24.0,-9.0,-0.61,-1.15,13.1,21.9,-8.8,-0.6,11,es ESP,DF,es La Liga,24-180,2000.0,14.7,2,0,0,14,16,1,57,11,23,0,0,0,73,16,8,66.7,,,,,,,,,,,,,,,,,,,,,,,,,,,,,,,,,,,,,,,,,,,,,,,,,,,,,,Osasuna,es ESP,"10,000,000","55,000",2028-06-30,184,80,Right
12,Nabil Aberdin,fr FRA,MF,Getafe,es La Liga,22.0,2002.0,7,4,263,2.9,0,0,0,0,0,0,1,0,0.0,0.0,0.0,0.1,2,6,2,0.0,0.02,12,fr FRA,MF,es La Liga,22-178,2002.0,2.9,0,2,0,0.0,0.68,0.0,0.0,,31.2,0,0,0,0.0,0.0,0.02,0.0,0.0,12,fr FRA,MF,es La Liga,22-178,2002.0,2.9,36,61,59.0,680,267,0,0.0,0.1,0.0,1,7,2,0,6,12,fr FRA,MF,es La Liga,22-178,2002.0,2.9,61,58,2,2,0,1,0,0,0,0,0,0,36,1,3,12,fr FRA,MF,es La Liga,22-178,2002.0,2.9,3,1.03,3,0,0,0,0,0,0,0.0,12,fr FRA,MF,es La Liga,22-178,2002.0,2.9,6,4,3,3,0,1,100.0,0,3,0,3,0,6,5,0,12,fr FRA,MF,es La Liga,22-178,2002.0,2.9,87,6,21,56,10,2,87,3,2,66.7,1,33.3,34,148,74,2,0,0,1,1,36,2,15,fr FRA,MF,es La Liga,22-178,2002.0,7,263.0,38.0,12.2,2.9,4,63.0,1,3,4.0,7,1.14,1.0,2.0,-1.0,-0.34,-0.48,1.8,1.6,0.2,0.07,12,fr FRA,MF,es La Liga,22-178,2002.0,2.9,1,0,0,7,6,0,0,0,4,0,0,0,8,10,3,76.9,,,,,,,,,,,,,,,,,,,,,,,,,,,,,,,,,,,,,,,,,,,,,,,,,,,,,,Getafe,fr FRA,"2,500,000","18,000",2024-12-31,170,65,Right
13,Oliver Abildgaard,dk DEN,MF,Como,it Serie A,28.0,1996.0,1,0,7,0.1,0,0,0,0,0,0,0,0,0.0,0.0,0.0,0.0,0,0,0,0.0,0.0,13,dk DEN,MF,it Serie A,28-252,1996.0,0.1,0,0,0,,0.0,0.0,,,,0,0,0,0.0,0.0,,0.0,0.0,13,dk DEN,MF,it Serie A,28-252,1996.0,0.1,1,1,100.0,21,7,0,0.0,0.0,0.0,0,0,0,0,0,13,dk DEN,MF,it Serie A,28-252,1996.0,0.1,1,1,0,0,0,0,0,0,0,0,0,0,1,0,0,13,dk DEN,MF,it Serie A,28-252,1996.0,0.1,0,0.0,0,0,0,0,0,0,0,0.0,13,dk DEN,MF,it Serie A,28-252,1996.0,0.1,0,0,0,0,0,0,,0,1,0,1,0,0,0,0,13,dk DEN,MF,it Serie A,28-252,1996.0,0.1,2,0,1,1,0,0,2,0,0,,0,,0,0,0,0,0,0,0,0,0,0,16,dk DEN,MF,it Serie A,28-252,1996.0,1,7.0,7.0,0.3,0.1,0,,0,1,7.0,0,0.0,0.0,0.0,0.0,0.0,0.48,0.0,0.0,0.0,-0.61,13,dk DEN,MF,it Serie A,28-252,1996.0,0.1,0,0,0,0,1,0,0,0,0,0,0,0,0,0,0,,,,,,,,,,,,,,,,,,,,,,,,,,,,,,,,,,,,,,,,,,,,,,,,,,,,,,,Como,dk DEN,"4,500,000","25,000",2026-06-30,188,82,Right
14,Matthis Abline,fr FRA,FW,Nantes,fr Ligue 1,21.0,2003.0,22,21,1741,19.3,7,1,8,6,1,1,2,0,6.9,6.1,2.4,8.6,45,33,116,0.36,0.48,14,fr FRA,FW,fr Ligue 1,21-326,2003.0,19.3,7,55,21,38.2,2.84,1.09,0.11,0.29,14.2,0,1,1,6.9,6.1,0.11,0.1,-0.1,14,fr FRA,FW,fr Ligue 1,21-326,2003.0,19.3,247,347,71.2,3598,626,1,2.4,2.4,-1.4,17,14,12,2,33,14,fr FRA,FW,fr Ligue 1,21-326,2003.0,19.3,347,325,21,1,1,3,20,1,0,0,0,0,247,1,20,14,fr FRA,FW,fr Ligue 1,21-326,2003.0,19.3,42,2.17,29,0,6,5,2,0,5,0.26,14,fr FRA,FW,fr Ligue 1,21-326,2003.0,19.3,7,3,2,2,3,7,14.3,6,9,0,9,2,9,26,1,14,fr FRA,FW,fr Ligue 1,21-326,2003.0,19.3,576,24,55,236,299,102,575,61,25,41.0,34,55.7,388,2404,1136,45,29,27,61,40,452,116,17,fr FRA,FW,fr Ligue 1,21-326,2003.0,22,1741.0,79.0,87.9,19.3,21,82.0,6,1,23.0,0,0.95,20.0,31.0,-11.0,-0.57,0.56,21.2,29.6,-8.4,-0.43,14,fr FRA,FW,fr Ligue 1,21-326,2003.0,19.3,2,0,0,19,35,3,20,2,3,0,0,0,54,31,43,41.9,,,,,,,,,,,,,,,,,,,,,,,,,,,,,,,,,,,,,,,,,,,,,,,,,,,,,,Nantes,fr FRA,"22,000,000","70,000",2030-06-30,183,75,Right
15,Abner,br BRA,DF,Lyon,fr Ligue 1,24.0,2000.0,14,9,820,9.1,1,1,2,1,0,0,1,0,0.2,0.2,0.9,1.1,22,51,48,0.22,0.12,15,br BRA,DF,fr Ligue 1,24-266,2000.0,9.1,1,6,3,50.0,0.66,0.33,0.17,0.33,19.9,0,0,0,0.2,0.2,0.03,0.8,0.8,15,br BRA,DF,fr Ligue 1,24-266,2000.0,9.1,420,502,83.7,6126,2606,1,0.9,1.9,0.1,10,32,10,2,51,15,br BRA,DF,fr Ligue 1,24-266,2000.0,9.1,502,425,75,8,1,1,26,61,6,6,0,0,420,2,14,15,br BRA,DF,fr Ligue 1,24-266,2000.0,9.1,18,1.98,15,3,0,0,0,0,1,0.11,15,br BRA,DF,fr Ligue 1,24-266,2000.0,9.1,20,14,9,8,3,23,65.2,8,12,1,11,5,25,32,0,15,br BRA,DF,fr Ligue 1,24-266,2000.0,9.1,593,30,135,278,182,19,593,9,4,44.4,5,55.6,302,1414,919,22,13,4,12,7,379,48,18,br BRA,DF,fr Ligue 1,24-266,2000.0,14,820.0,59.0,41.4,9.1,9,81.0,4,5,19.0,8,1.86,13.0,9.0,4.0,0.44,-0.03,15.5,12.2,3.3,0.36,15,br BRA,DF,fr Ligue 1,24-266,2000.0,9.1,1,0,0,11,4,0,26,5,14,0,0,0,37,5,6,45.5,,,,,,,,,,,,,,,,,,,,,,,,,,,,,,,,,,,,,,,,,,,,,,,,,,,,,,Lyon,br BRA,"18,000,000","65,000",2027-06-30,179,73,Left
16,Zakaria Aboukhlal,ma MAR,"MF,FW",Toulouse,fr Ligue 1,24.0,2000.0,22,21,1758,19.5,6,2,8,5,1,2,4,0,9.7,8.2,1.5,9.7,29,21,149,0.36,0.58,16,ma MAR,"MF,FW",fr Ligue 1,24-365,2000.0,19.5,6,56,23,41.1,2.87,1.18,0.09,0.22,14.1,0,1,2,9.7,8.2,0.15,-3.7,-3.2,16,ma MAR,"MF,FW",fr Ligue 1,24-365,2000.0,19.5,202,320,63.1,2523,701,2,1.5,1.8,0.5,11,15,9,3,21,16,ma MAR,"MF,FW",fr Ligue 1,24-365,2000.0,19.5,320,304,13,1,0,0,30,7,3,2,0,0,202,3,12,16,ma MAR,"MF,FW",fr Ligue 1,24-365,2000.0,19.5,31,1.59,18,0,4,5,3,1,6,0.31,16,ma MAR,"MF,FW",fr Ligue 1,24-365,2000.0,19.5,17,10,6,7,4,21,19.0,17,15,1,14,6,23,7,0,16,ma MAR,"MF,FW",fr Ligue 1,24-365,2000.0,19.5,553,5,51,180,327,103,551,38,10,26.3,28,73.7,338,1724,773,29,19,16,60,23,409,149,19,ma MAR,"MF,FW",fr Ligue 1,24-365,2000.0,22,1758.0,80.0,88.8,19.5,21,82.0,9,1,27.0,0,1.23,19.0,21.0,-2.0,-0.1,-0.1,26.0,21.7,4.3,0.22,16,ma MAR,"MF,FW",fr Ligue 1,24-365,2000.0,19.5,4,0,0,32,20,9,30,6,10,1,0,0,52,20,35,36.4,,,,,,,,,,,,,,,,,,,,,,,,,,,,,,,,,,,,,,,,,,,,,,,,,,,,,,Toulouse,ma MAR,"25,000,000","85,000",2028-06-30,177,70,Left
17,Abdel Abqar,ma MAR,DF,Alavés,es La Liga,25.0,1999.0,22,22,1848,20.5,0,1,1,0,0,0,12,0,0.5,0.5,0.2,0.7,13,70,4,0.05,0.04,17,ma MAR,DF,es La Liga,25-344,1999.0,20.5,0,6,1,16.7,0.29,0.05,0.0,0.0,7.0,0,0,0,0.5,0.5,0.09,-0.5,-0.5,17,ma MAR,DF,es La Liga,25-344,1999.0,20.5,565,753,75.0,12608,4687,1,0.2,0.3,0.8,7,54,9,2,70,17,ma MAR,DF,es La Liga,25-344,1999.0,20.5,753,712,38,32,1,16,5,5,0,0,0,0,565,3,4,17,ma MAR,DF,es La Liga,25-344,1999.0,20.5,21,1.02,16,0,0,2,1,2,3,0.15,17,ma MAR,DF,es La Liga,25-344,1999.0,20.5,27,17,16,10,1,24,58.3,10,19,12,7,34,61,106,1,17,ma MAR,DF,es La Liga,25-344,1999.0,20.5,977,128,517,420,47,16,977,2,1,50.0,1,50.0,489,2992,1704,13,7,0,14,2,514,4,20,ma MAR,DF,es La Liga,25-344,1999.0,22,1848.0,84.0,85.6,20.5,22,84.0,18,0,,0,1.0,25.0,34.0,-9.0,-0.44,-0.15,23.2,24.8,-1.6,-0.08,17,ma MAR,DF,es La Liga,25-344,1999.0,20.5,12,0,0,40,20,2,5,34,17,1,2,0,60,31,27,53.4,,,,,,,,,,,,,,,,,,,,,,,,,,,,,,,,,,,,,,,,,,,,,,,,,,,,,,Alavés,ma MAR,"12,000,000","50,000",2026-06-30,189,83,Right
18,Tammy Abraham,eng ENG,FW,Roma,it Serie A,27.0,1997.0,1,0,1,0.0,0,0,0,0,0,0,0,0,0.0,0.0,0.0,0.0,0,1,2,0.0,0.0,18,eng ENG,FW,it Serie A,27-138,1997.0,0.0,0,0,0,,0.0,0.0,,,,0,0,0,0.0,0.0,,0.0,0.0,18,eng ENG,FW,it Serie A,27-138,1997.0,0.0,1,3,33.3,44,32,0,0.0,0.0,0.0,0,1,0,0,1,18,eng ENG,FW,it Serie A,27-138,1997.0,0.0,3,3,0,0,0,0,0,0,0,0,0,0,1,0,0,18,eng ENG,FW,it Serie A,27-138,1997.0,0.0,0,0.0,0,0,0,0,0,0,0,0.0,18,eng ENG,FW,it Serie A,27-138,1997.0,0.0,0,0,0,0,0,1,0.0,1,0,0,0,0,0,0,0,18,eng ENG,FW,it Serie A,27-138,1997.0,0.0,4,0,0,2,2,1,4,0,0,,0,,3,2,1,0,0,0,1,0,4,2,21,eng ENG,FW,it Serie A,27-138,1997.0,1,1.0,1.0,0.0,0.0,0,,0,1,1.0,1,1.0,0.0,0.0,0.0,0.0,-0.24,0.0,0.1,0.0,-3.09,18,eng ENG,FW,it Serie A,27-138,1997.0,0.0,0,0,0,0,0,0,0,0,0,0,0,0,0,1,0,100.0,,,,,,,,,,,,,,,,,,,,,,,,,,,,,,,,,,,,,,,,,,,,,,,,,,,,,,Roma,eng ENG,"28,000,000","90,000",2027-06-30,190,80,Right
18,Tammy Abraham,eng ENG,FW,Roma,it Serie A,27.0,1997.0,1,0,1,0.0,0,0,0,0,0,0,0,0,0.0,0.0,0.0,0.0,0,1,2,0.0,0.0,18,eng ENG,FW,it Serie A,27-138,1997.0,0.0,0,0,0,,0.0,0.0,,,,0,0,0,0.0,0.0,,0.0,0.0,18,eng ENG,FW,it Serie A,27-138,1997.0,0.0,1,3,33.3,44,32,0,0.0,0.0,0.0,0,1,0,0,1,18,eng ENG,FW,it Serie A,27-138,1997.0,0.0,3,3,0,0,0,0,0,0,0,0,0,0,1,0,0,18,eng ENG,FW,it Serie A,27-138,1997.0,0.0,0,0.0,0,0,0,0,0,0,0,0.0,18,eng ENG,FW,it Serie A,27-138,1997.0,0.0,0,0,0,0,0,1,0.0,1,0,0,0,0,0,0,0,18,eng ENG,FW,it Serie A,27-138,1997.0,0.0,4,0,0,2,2,1,4,0,0,,0,,3,2,1,0,0,0,1,0,4,2,21,eng ENG,FW,it Serie A,27-138,1997.0,1,1.0,1.0,0.0,0.0,0,,0,1,1.0,1,1.0,0.0,0.0,0.0,0.0,-0.24,0.0,0.1,0.0,-3.09,18,eng ENG,FW,it Serie A,27-138,1997.0,0.0,0,0,0,0,0,0,0,0,0,0,0,0,0,1,0,100.0,,,,,,,,,,,,,,,,,,,,,,,,,,,,,,,,,,,,,,,,,,,,,,,,,,,,,,Milan,eng ENG,"30,000,000","95,000",2028-06-30,190,80,Right
19,Tammy Abraham,eng ENG,FW,Milan,it Serie A,27.0,1997.0,19,9,882,9.8,2,2,4,1,1,2,0,0,6.1,4.4,1.2,5.6,5,15,46,0.31,0.74,19,eng ENG,FW,it Serie A,27-138,1997.0,9.8,2,19,9,47.4,1.94,0.92,0.05,0.11,12.9,0,1,2,6.1,4.4,0.23,-4.1,-3.4,19,eng ENG,FW,it Serie A,27-138,1997.0,9.8,104,151,68.9,1381,330,2,1.2,0.9,0.8,8,9,4,0,15,19,eng ENG,FW,it Serie A,27-138,1997.0,9.8,151,136,14,0,2,0,2,0,0,0,0,0,104,1,4,19,eng ENG,FW,it Serie A,27-138,1997.0,9.8,20,2.04,15,0,0,4,1,0,4,0.41,19,eng ENG,FW,it Serie A,27-138,1997.0,9.8,13,9,0,9,4,7,71.4,2,8,0,8,2,15,8,0,19,eng ENG,FW,it Serie A,27-138,1997.0,9.8,256,13,31,121,104,50,254,11,3,27.3,8,72.7,102,348,126,5,4,3,19,6,160,46,22,eng ENG,FW,it Serie A,27-138,1997.0,19,882.0,46.0,40.8,9.8,9,74.0,2,10,22.0,2,1.89,18.0,9.0,9.0,0.92,0.71,16.7,9.5,7.1,0.73,19,eng ENG,FW,it Serie A,27-138,1997.0,9.8,0,0,0,16,6,3,2,2,9,1,0,0,10,22,26,45.8,,,,,,,,,,,,,,,,,,,,,,,,,,,,,,,,,,,,,,,,,,,,,,,,,,,,,,Roma,eng ENG,"28,000,000","90,000",2027-06-30,190,80,Right
19,Tammy Abraham,eng ENG,FW,Milan,it Serie A,27.0,1997.0,19,9,882,9.8,2,2,4,1,1,2,0,0,6.1,4.4,1.2,5.6,5,15,46,0.31,0.74,19,eng ENG,FW,it Serie A,27-138,1997.0,9.8,2,19,9,47.4,1.94,0.92,0.05,0.11,12.9,0,1,2,6.1,4.4,0.23,-4.1,-3.4,19,eng ENG,FW,it Serie A,27-138,1997.0,9.8,104,151,68.9,1381,330,2,1.2,0.9,0.8,8,9,4,0,15,19,eng ENG,FW,it Serie A,27-138,1997.0,9.8,151,136,14,0,2,0,2,0,0,0,0,0,104,1,4,19,eng ENG,FW,it Serie A,27-138,1997.0,9.8,20,2.04,15,0,0,4,1,0,4,0.41,19,eng ENG,FW,it Serie A,27-138,1997.0,9.8,13,9,0,9,4,7,71.4,2,8,0,8,2,15,8,0,19,eng ENG,FW,it Serie A,27-138,1997.0,9.8,256,13,31,121,104,50,254,11,3,27.3,8,72.7,102,348,126,5,4,3,19,6,160,46,22,eng ENG,FW,it Serie A,27-138,1997.0,19,882.0,46.0,40.8,9.8,9,74.0,2,10,22.0,2,1.89,18.0,9.0,9.0,0.92,0.71,16.7,9.5,7.1,0.73,19,eng ENG,FW,it Serie A,27-138,1997.0,9.8,0,0,0,16,6,3,2,2,9,1,0,0,10,22,26,45.8,,,,,,,,,,,,,,,,,,,,,,,,,,,,,,,,,,,,,,,,,,,,,,,,,,,,,,Milan,eng ENG,"30,000,000","95,000",2028-06-30,190,80,Right
20,Federico Accornero,it ITA,MF,Genoa,it Serie A,21.0,2004.0,1,0,5,0.1,0,0,0,0,0,0,0,0,0.0,0.0,0.0,0.0,0,0,0,0.0,0.0,20,it ITA,MF,it Serie A,21-012,2004.0,0.1,0,0,0,,0.0,0.0,,,,0,0,0,0.0,0.0,,0.0,0.0,20,it ITA,MF,it Serie A,21-012,2004.0,0.1,4,6,66.7,55,19,0,0.0,0.0,0.0,0,0,0,0,0,20,it ITA,MF,it Serie A,21-012,2004.0,0.1,6,6,0,0,0,0,1,0,0,0,0,0,4,0,1,20,it ITA,MF,it Serie A,21-012,2004.0,0.1,0,0.0,0,0,0,0,0,0,0,0.0,20,it ITA,MF,it Serie A,21-012,2004.0,0.1,0,0,0,0,0,0,,0,0,0,0,0,0,0,0,20,it ITA,MF,it Serie A,21-012,2004.0,0.1,8,1,2,3,3,0,8,0,0,,0,,5,25,18,0,1,0,2,0,5,0,25,it ITA,MF,it Serie A,21-012,2004.0,1,5.0,5.0,0.2,0.1,0,,0,1,5.0,11,0.0,0.0,0.0,0.0,0.0,0.46,0.0,0.0,0.0,0.71,20,it ITA,MF,it Serie A,21-012,2004.0,0.1,0,0,0,0,0,0,1,0,0,0,0,0,1,0,1,0.0,,,,,,,,,,,,,,,,,,,,,,,,,,,,,,,,,,,,,,,,,,,,,,,,,,,,,,Genoa,it ITA,"1,500,000","8,000",2025-06-30,175,68,Right
21,Francesco Acerbi,it ITA,DF,Inter,it Serie A,37.0,1988.0,11,11,850,9.4,0,1,1,0,0,0,0,0,0.3,0.3,0.2,0.5,8,36,6,0.11,0.06,21,it ITA,DF,it Serie A,37-007,1988.0,9.4,0,4,1,25.0,0.42,0.11,0.0,0.0,11.2,0,0,0,0.3,0.3,0.08,-0.3,-0.3,21,it ITA,DF,it Serie A,37-007,1988.0,9.4,663,703,94.3,12502,3651,1,0.2,0.4,0.8,3,30,3,2,36,21,it ITA,DF,it Serie A,37-007,1988.0,9.4,703,677,25,17,0,1,3,5,0,0,0,0,663,1,1,21,it ITA,DF,it Serie A,37-007,1988.0,9.4,7,0.74,7,0,0,0,0,0,1,0.11,21,it ITA,DF,it Serie A,37-007,1988.0,9.4,9,6,7,2,0,5,80.0,1,8,6,2,16,25,40,0,21,it ITA,DF,it Serie A,37-007,1988.0,9.4,790,66,306,444,42,10,790,1,1,100.0,0,0.0,510,2318,1162,8,8,0,3,1,610,6,26,it ITA,DF,it Serie A,37-007,1988.0,11,850.0,77.0,37.8,9.4,11,77.0,9,0,,6,2.09,18.0,11.0,7.0,0.74,-1.06,16.9,10.9,6.0,0.64,21,it ITA,DF,it Serie A,37-007,1988.0,9.4,0,0,0,5,12,0,3,16,6,0,0,0,27,28,12,70.0,,,,,,,,,,,,,,,,,,,,,,,,,,,,,,,,,,,,,,,,,,,,,,,,,,,,,,Inter,it ITA,"8,000,000","35,000",2024-06-30,192,85,Right
22,Joshua Acheampong,eng ENG,DF,Chelsea,eng Premier League,18.0,2006.0,2,2,160,1.8,0,0,0,0,0,0,0,0,0.2,0.2,0.0,0.2,0,7,0,0.0,0.12,22,eng ENG,DF,eng Premier League,18-288,2006.0,1.8,0,2,0,0.0,1.13,0.0,0.0,,8.9,0,0,0,0.2,0.2,0.11,-0.2,-0.2,22,eng ENG,DF,eng Premier League,18-288,2006.0,1.8,92,111,82.9,1811,598,0,0.0,0.0,0.0,0,5,0,0,7,22,eng ENG,DF,eng Premier League,18-288,2006.0,1.8,111,109,2,2,0,0,0,0,0,0,0,0,92,0,2,22,eng ENG,DF,eng Premier League,18-288,2006.0,1.8,1,0.56,1,0,0,0,0,0,0,0.0,22,eng ENG,DF,eng Premier League,18-288,2006.0,1.8,2,1,2,0,0,2,100.0,0,1,0,1,1,3,2,0,22,eng ENG,DF,eng Premier League,18-288,2006.0,1.8,124,7,43,75,6,3,124,2,1,50.0,0,0.0,96,650,377,0,2,0,2,0,100,0,28,eng ENG,DF,eng Premier League,18-288,2006.0,2,160.0,80.0,7.1,1.8,2,80.0,1,0,,8,1.0,2.0,3.0,-1.0,-0.56,-1.17,3.4,2.1,1.3,0.73,22,eng ENG,DF,eng Premier League,18-288,2006.0,1.8,0,0,0,0,1,0,0,1,1,0,0,0,7,1,6,14.3,,,,,,,,,,,,,,,,,,,,,,,,,,,,,,,,,,,,,,,,,,,,,,,,,,,,,,Chelsea,eng ENG,"5,000,000","20,000",2026-06-30,183,77,Right
23,Akor Adams,ng NGA,FW,Sevilla,es La Liga,25.0,2000.0,1,0,10,0.1,0,0,0,0,0,0,0,0,0.0,0.0,0.0,0.0,0,1,1,0.0,0.0,23,ng NGA,FW,es La Liga,25-019,2000.0,0.1,0,0,0,,0.0,0.0,,,,0,0,0,0.0,0.0,,0.0,0.0,23,ng NGA,FW,es La Liga,25-019,2000.0,0.1,2,3,66.7,15,12,0,0.0,0.0,0.0,0,0,0,0,1,23,ng NGA,FW,es La Liga,25-019,2000.0,0.1,3,3,0,0,0,0,0,0,0,0,0,0,2,0,0,23,ng NGA,FW,es La Liga,25-019,2000.0,0.1,0,0.0,0,0,0,0,0,0,0,0.0,23,ng NGA,FW,es La Liga,25-019,2000.0,0.1,0,0,0,0,0,0,,0,0,0,0,0,0,1,0,23,ng NGA,FW,es La Liga,25-019,2000.0,0.1,4,1,1,3,0,0,4,0,0,,0,,0,0,0,0,0,0,0,0,3,1,29,ng NGA,FW,es La Liga,25-019,2000.0,1,10.0,10.0,0.5,0.1,0,,0,1,10.0,0,1.0,0.0,0.0,0.0,0.0,0.38,0.0,0.3,-0.2,-2.18,23,ng NGA,FW,es La Liga,25-019,2000.0,0.1,0,0,0,0,0,0,0,0,0,0,0,0,0,1,1,50.0,,,,,,,,,,,,,,,,,,,,,,,,,,,,,,,,,,,,,,,,,,,,,,,,,,,,,,Sevilla,ng NGA,"18,000,000","60,000",2027-06-30,188,80,Right
23,Akor Adams,ng NGA,FW,Sevilla,es La Liga,25.0,2000.0,1,0,10,0.1,0,0,0,0,0,0,0,0,0.0,0.0,0.0,0.0,0,1,1,0.0,0.0,23,ng NGA,FW,es La Liga,25-019,2000.0,0.1,0,0,0,,0.0,0.0,,,,0,0,0,0.0,0.0,,0.0,0.0,23,ng NGA,FW,es La Liga,25-019,2000.0,0.1,2,3,66.7,15,12,0,0.0,0.0,0.0,0,0,0,0,1,23,ng NGA,FW,es La Liga,25-019,2000.0,0.1,3,3,0,0,0,0,0,0,0,0,0,0,2,0,0,23,ng NGA,FW,es La Liga,25-019,2000.0,0.1,0,0.0,0,0,0,0,0,0,0,0.0,23,ng NGA,FW,es La Liga,25-019,2000.0,0.1,0,0,0,0,0,0,,0,0,0,0,0,0,1,0,23,ng NGA,FW,es La Liga,25-019,2000.0,0.1,4,1,1,3,0,0,4,0,0,,0,,0,0,0,0,0,0,0,0,3,1,29,ng NGA,FW,es La Liga,25-019,2000.0,1,10.0,10.0,0.5,0.1,0,,0,1,10.0,0,1.0,0.0,0.0,0.0,0.0,0.38,0.0,0.3,-0.2,-2.18,23,ng NGA,FW,es La Liga,25-019,2000.0,0.1,0,0,0,0,0,0,0,0,0,0,0,0,0,1,1,50.0,,,,,,,,,,,,,,,,,,,,,,,,,,,,,,,,,,,,,,,,,,,,,,,,,,,,,,Montpellier,ng NGA,"20,000,000","75,000",2028-06-30,188,80,Right
24,Akor Adams,ng NGA,FW,Montpellier,fr Ligue 1,25.0,2000.0,15,13,1075,11.9,3,1,4,3,0,0,2,0,4.3,4.3,1.0,5.3,11,6,45,0.33,0.44,24,ng NGA,FW,fr Ligue 1,25-019,2000.0,11.9,3,26,12,46.2,2.18,1.0,0.12,0.25,13.3,0,0,0,4.3,4.3,0.16,-1.3,-1.3,24,ng NGA,FW,fr Ligue 1,25-019,2000.0,11.9,112,179,62.6,1540,198,1,1.0,0.1,0.0,12,8,0,0,6,24,ng NGA,FW,fr Ligue 1,25-019,2000.0,11.9,179,160,17,0,1,2,5,0,0,0,0,0,112,2,7,24,ng NGA,FW,fr Ligue 1,25-019,2000.0,11.9,25,2.09,18,0,4,1,2,0,5,0.42,24,ng NGA,FW,fr Ligue 1,25-019,2000.0,11.9,4,3,1,2,1,4,75.0,1,2,1,1,1,5,5,1,24,ng NGA,FW,fr Ligue 1,25-019,2000.0,11.9,251,5,19,118,117,49,251,14,7,50.0,6,42.9,126,661,279,11,5,7,16,14,174,45,30,ng NGA,FW,fr Ligue 1,25-019,2000.0,15,1075.0,72.0,54.3,11.9,13,79.0,7,2,22.0,1,0.53,12.0,29.0,-17.0,-1.42,-0.33,12.8,23.6,-10.8,-0.9,24,ng NGA,FW,fr Ligue 1,25-019,2000.0,11.9,2,0,0,17,8,16,5,1,3,2,0,0,24,28,27,50.9,,,,,,,,,,,,,,,,,,,,,,,,,,,,,,,,,,,,,,,,,,,,,,,,,,,,,,Sevilla,ng NGA,"18,000,000","60,000",2027-06-30,188,80,Right
24,Akor Adams,ng NGA,FW,Montpellier,fr Ligue 1,25.0,2000.0,15,13,1075,11.9,3,1,4,3,0,0,2,0,4.3,4.3,1.0,5.3,11,6,45,0.33,0.44,24,ng NGA,FW,fr Ligue 1,25-019,2000.0,11.9,3,26,12,46.2,2.18,1.0,0.12,0.25,13.3,0,0,0,4.3,4.3,0.16,-1.3,-1.3,24,ng NGA,FW,fr Ligue 1,25-019,2000.0,11.9,112,179,62.6,1540,198,1,1.0,0.1,0.0,12,8,0,0,6,24,ng NGA,FW,fr Ligue 1,25-019,2000.0,11.9,179,160,17,0,1,2,5,0,0,0,0,0,112,2,7,24,ng NGA,FW,fr Ligue 1,25-019,2000.0,11.9,25,2.09,18,0,4,1,2,0,5,0.42,24,ng NGA,FW,fr Ligue 1,25-019,2000.0,11.9,4,3,1,2,1,4,75.0,1,2,1,1,1,5,5,1,24,ng NGA,FW,fr Ligue 1,25-019,2000.0,11.9,251,5,19,118,117,49,251,14,7,50.0,6,42.9,126,661,279,11,5,7,16,14,174,45,30,ng NGA,FW,fr Ligue 1,25-019,2000.0,15,1075.0,72.0,54.3,11.9,13,79.0,7,2,22.0,1,0.53,12.0,29.0,-17.0,-1.42,-0.33,12.8,23.6,-10.8,-0.9,24,ng NGA,FW,fr Ligue 1,25-019,2000.0,11.9,2,0,0,17,8,16,5,1,3,2,0,0,24,28,27,50.9,,,,,,,,,,,,,,,,,,,,,,,,,,,,,,,,,,,,,,,,,,,,,,,,,,,,,,Montpellier,ng NGA,"20,000,000","75,000",2028-06-30,188,80,Right
25,Che Adams,sct SCO,FW,Torino,it Serie A,28.0,1996.0,24,19,1666,18.5,7,3,10,7,0,0,1,0,4.8,4.8,1.8,6.6,17,24,98,0.54,0.36,25,sct SCO,FW,it Serie A,28-219,1996.0,18.5,7,39,18,46.2,2.11,0.97,0.18,0.39,16.2,0,0,0,4.8,4.8,0.12,2.2,2.2,25,sct SCO,FW,it Serie A,28-219,1996.0,18.5,280,390,71.8,4237,783,3,1.8,2.4,1.2,21,23,5,0,24,25,sct SCO,FW,it Serie A,28-219,1996.0,18.5,390,362,27,2,3,4,8,1,0,0,0,0,280,1,15,25,sct SCO,FW,it Serie A,28-219,1996.0,18.5,47,2.54,38,1,0,5,3,0,5,0.27,25,sct SCO,FW,it Serie A,28-219,1996.0,18.5,8,3,1,3,4,4,0.0,4,7,3,4,1,9,10,0,25,sct SCO,FW,it Serie A,28-219,1996.0,18.5,541,10,36,271,242,60,541,28,8,28.6,16,57.1,352,1486,539,17,14,4,43,21,415,98,31,sct SCO,FW,it Serie A,28-219,1996.0,24,1666.0,69.0,74.0,18.5,19,80.0,12,5,31.0,0,1.17,21.0,24.0,-3.0,-0.16,-0.01,16.3,23.4,-7.1,-0.39,25,sct SCO,FW,it Serie A,28-219,1996.0,18.5,1,0,0,15,25,16,8,1,3,0,0,0,38,25,42,37.3,,,,,,,,,,,,,,,,,,,,,,,,,,,,,,,,,,,,,,,,,,,,,,,,,,,,,,Torino,sct SCO,"22,000,000","80,000",2027-06-30,175,72,Right
26,Tyler Adams,us USA,MF,Bournemouth,eng Premier League,26.0,1999.0,15,10,956,10.6,0,3,3,0,0,0,4,0,1.1,1.1,0.7,1.8,7,40,5,0.28,0.17,26,us USA,MF,eng Premier League,26-003,1999.0,10.6,0,5,1,20.0,0.47,0.09,0.0,0.0,17.2,0,0,0,1.1,1.1,0.21,-1.1,-1.1,26,us USA,MF,eng Premier League,26-003,1999.0,10.6,388,457,84.9,6218,1479,3,0.7,0.3,2.3,10,30,1,0,40,26,us USA,MF,eng Premier League,26-003,1999.0,10.6,457,433,23,21,1,0,0,2,0,0,0,0,388,1,6,26,us USA,MF,eng Premier League,26-003,1999.0,10.6,21,1.98,17,0,0,0,0,4,4,0.38,26,us USA,MF,eng Premier League,26-003,1999.0,10.6,49,32,18,25,6,39,51.3,19,14,5,9,25,74,25,0,26,us USA,MF,eng Premier League,26-003,1999.0,10.6,609,27,159,343,113,9,609,9,2,22.2,5,55.6,293,1308,563,7,13,1,14,7,319,5,32,us USA,MF,eng Premier League,26-003,1999.0,15,956.0,64.0,42.5,10.6,10,85.0,7,5,22.0,1,1.87,27.0,15.0,12.0,1.13,0.92,21.0,14.8,6.2,0.59,26,us USA,MF,eng Premier League,26-003,1999.0,10.6,4,0,0,22,10,0,0,25,32,0,1,0,47,15,9,62.5,,,,,,,,,,,,,,,,,,,,,,,,,,,,,,,,,,,,,,,,,,,,,,,,,,,,,,Bournemouth,us USA,"25,000,000","85,000",2028-06-30,175,70,Right
27,Junior Adamu,at AUT,FW,Freiburg,de Bundesliga,23.0,2001.0,16,11,955,10.6,2,1,3,2,0,0,3,1,4.0,4.0,1.4,5.4,5,6,51,0.28,0.51,27,at AUT,FW,de Bundesliga,23-256,2001.0,10.6,2,23,9,39.1,2.17,0.85,0.09,0.22,12.9,0,0,0,4.0,4.0,0.18,-2.0,-2.0,27,at AUT,FW,de Bundesliga,23-256,2001.0,10.6,127,200,63.5,1544,172,1,1.4,1.5,-0.4,13,4,3,0,6,27,at AUT,FW,de Bundesliga,23-256,2001.0,10.6,200,186,12,0,1,0,3,2,0,0,0,0,127,2,6,27,at AUT,FW,de Bundesliga,23-256,2001.0,10.6,22,2.07,16,0,1,2,3,0,3,0.28,27,at AUT,FW,de Bundesliga,23-256,2001.0,10.6,3,0,1,1,1,5,0.0,5,8,0,8,6,9,13,0,27,at AUT,FW,de Bundesliga,23-256,2001.0,10.6,327,13,35,160,136,43,327,15,8,53.3,7,46.7,160,651,243,5,3,3,32,13,214,51,33,at AUT,FW,de Bundesliga,23-256,2001.0,16,955.0,60.0,48.2,10.6,11,77.0,3,5,21.0,3,1.25,13.0,17.0,-4.0,-0.38,-0.11,15.0,10.2,4.9,0.46,27,at AUT,FW,de Bundesliga,23-256,2001.0,10.6,3,1,0,23,17,8,3,6,0,0,0,0,29,32,75,29.9,,,,,,,,,,,,,,,,,,,,,,,,,,,,,,,,,,,,,,,,,,,,,,,,,,,,,,Freiburg,at AUT,"12,000,000","45,000",2026-06-30,182,75,Right
28,Tosin Adarabioyo,eng ENG,DF,Chelsea,eng Premier League,27.0,1997.0,12,9,823,9.1,1,0,1,1,0,0,2,0,0.8,0.8,0.0,0.8,5,26,1,0.11,0.09,28,eng ENG,DF,eng Premier League,27-146,1997.0,9.1,1,9,2,22.2,0.98,0.22,0.11,0.5,11.8,0,0,0,0.8,0.8,0.09,0.2,0.2,28,eng ENG,DF,eng Premier League,27-146,1997.0,9.1,696,752,92.6,12596,4706,0,0.0,0.1,0.0,1,33,0,0,26,28,eng ENG,DF,eng Premier League,27-146,1997.0,9.1,752,728,22,13,0,1,0,4,0,0,0,0,696,2,3,28,eng ENG,DF,eng Premier League,27-146,1997.0,9.1,9,0.99,5,0,0,4,0,0,0,0.0,28,eng ENG,DF,eng Premier League,27-146,1997.0,9.1,12,9,9,3,0,10,70.0,3,7,6,1,3,15,33,0,28,eng ENG,DF,eng Premier League,27-146,1997.0,9.1,820,105,408,400,13,9,820,2,2,100.0,0,0.0,521,2152,1241,5,1,0,1,0,641,1,34,eng ENG,DF,eng Premier League,27-146,1997.0,12,823.0,69.0,36.6,9.1,9,86.0,8,3,17.0,13,1.75,19.0,10.0,9.0,0.98,0.73,20.4,12.9,7.5,0.83,28,eng ENG,DF,eng Premier League,27-146,1997.0,9.1,2,0,0,5,2,1,0,3,9,0,0,0,25,23,13,63.9,,,,,,,,,,,,,,,,,,,,,,,,,,,,,,,,,,,,,,,,,,,,,,,,,,,,,,Chelsea,eng ENG,"30,000,000","100,000",2029-06-30,196,90,Right
29,Martin Adeline,fr FRA,MF,Reims,fr Ligue 1,21.0,2003.0,1,0,26,0.3,0,0,0,0,0,0,0,0,0.0,0.0,0.0,0.0,1,0,1,0.0,0.0,29,fr FRA,MF,fr Ligue 1,21-077,2003.0,0.3,0,0,0,,0.0,0.0,,,,0,0,0,0.0,0.0,,0.0,0.0,29,fr FRA,MF,fr Ligue 1,21-077,2003.0,0.3,8,10,80.0,138,11,0,0.0,0.0,0.0,0,1,0,0,0,29,fr FRA,MF,fr Ligue 1,21-077,2003.0,0.3,10,10,0,0,0,0,0,0,0,0,0,0,8,0,0,29,fr FRA,MF,fr Ligue 1,21-077,2003.0,0.3,0,0.0,0,0,0,0,0,0,0,0.0,29,fr FRA,MF,fr Ligue 1,21-077,2003.0,0.3,1,1,0,1,0,2,50.0,1,0,0,0,0,1,2,0,29,fr FRA,MF,fr Ligue 1,21-077,2003.0,0.3,14,2,8,4,2,1,14,0,0,,0,,6,35,9,1,0,1,0,0,9,1,37,fr FRA,MF,fr Ligue 1,21-077,2003.0,1,26.0,26.0,1.3,0.3,0,,0,1,26.0,1,1.0,0.0,1.0,-1.0,-3.46,-3.19,0.1,1.0,-1.0,-3.42,29,fr FRA,MF,fr Ligue 1,21-077,2003.0,0.3,0,0,0,0,1,0,0,0,1,0,0,0,0,0,1,0.0,,,,,,,,,,,,,,,,,,,,,,,,,,,,,,,,,,,,,,,,,,,,,,,,,,,,,,Reims,fr FRA,"1,000,000","5,000",2025-06-30,180,74,Right
30,Karim Adeyemi,de GER,"FW,MF",Dortmund,de Bundesliga,23.0,2002.0,13,8,671,7.5,2,3,5,2,0,0,2,0,1.8,1.8,1.9,3.7,36,8,67,0.67,0.49,30,de GER,"FW,MF",de Bundesliga,23-030,2002.0,7.5,2,18,8,44.4,2.41,1.07,0.11,0.25,17.4,0,0,0,1.8,1.8,0.1,0.2,0.2,30,de GER,"FW,MF",de Bundesliga,23-030,2002.0,7.5,152,201,75.6,2191,368,3,1.9,1.1,1.1,11,4,5,0,8,30,de GER,"FW,MF",de Bundesliga,23-030,2002.0,7.5,201,193,6,1,2,1,11,2,2,2,0,0,152,2,10,30,de GER,"FW,MF",de Bundesliga,23-030,2002.0,7.5,23,3.09,12,1,6,2,2,0,3,0.4,30,de GER,"FW,MF",de Bundesliga,23-030,2002.0,7.5,8,6,3,1,4,7,28.6,5,9,1,8,4,12,4,0,30,de GER,"FW,MF",de Bundesliga,23-030,2002.0,7.5,304,8,28,129,153,33,304,47,24,51.1,20,42.6,207,1771,825,36,20,18,19,14,232,67,38,de GER,"FW,MF",de Bundesliga,23-030,2002.0,13,671.0,52.0,33.9,7.5,8,66.0,1,5,29.0,0,1.38,12.0,16.0,-4.0,-0.54,-0.74,12.2,10.9,1.3,0.17,30,de GER,"FW,MF",de Bundesliga,23-030,2002.0,7.5,2,0,0,10,8,1,11,4,6,0,0,0,27,3,5,37.5,,,,,,,,,,,,,,,,,,,,,,,,,,,,,,,,,,,,,,,,,,,,,,,,,,,,,,Dortmund,de GER,"40,000,000","120,000",2030-06-30,177,70,Left
31,Simon Adingra,ci CIV,"FW,MF",Brighton,eng Premier League,23.0,2002.0,17,6,600,6.7,2,1,3,2,0,0,0,0,1.5,1.5,0.9,2.4,22,8,76,0.45,0.36,31,ci CIV,"FW,MF",eng Premier League,23-047,2002.0,6.7,2,14,4,28.6,2.1,0.6,0.14,0.5,15.4,0,0,0,1.5,1.5,0.1,0.5,0.5,31,ci CIV,"FW,MF",eng Premier League,23-047,2002.0,6.7,152,206,73.8,2159,470,1,0.9,1.5,0.1,7,2,7,2,8,31,ci CIV,"FW,MF",eng Premier League,23-047,2002.0,6.7,206,201,4,0,1,0,20,4,0,0,0,0,152,1,7,31,ci CIV,"FW,MF",eng Premier League,23-047,2002.0,6.7,21,3.15,15,0,4,2,0,0,3,0.45,31,ci CIV,"FW,MF",eng Premier League,23-047,2002.0,6.7,14,7,7,5,2,17,35.3,11,6,0,6,6,20,3,1,31,ci CIV,"FW,MF",eng Premier League,23-047,2002.0,6.7,307,5,50,94,168,36,307,31,13,41.9,18,58.1,205,1352,627,22,14,11,26,6,208,76,40,ci CIV,"FW,MF",eng Premier League,23-047,2002.0,17,600.0,35.0,26.7,6.7,6,64.0,0,11,20.0,5,1.47,10.0,13.0,-3.0,-0.45,-0.61,8.6,11.3,-2.7,-0.41,31,ci CIV,"FW,MF",eng Premier League,23-047,2002.0,6.7,0,0,0,9,0,0,20,6,7,0,0,0,30,3,1,75.0,,,,,,,,,,,,,,,,,,,,,,,,,,,,,,,,,,,,,,,,,,,,,,,,,,,,,,Brighton,ci CIV,"35,000,000","110,000",2029-06-30,175,68,Left
32,Amine Adli,ma MAR,"MF,FW",Leverkusen,de Bundesliga,24.0,2000.0,8,2,211,2.3,0,0,0,0,0,0,1,0,0.8,0.8,0.1,0.8,12,9,40,0.0,0.35,32,ma MAR,"MF,FW",de Bundesliga,24-283,2000.0,2.3,0,6,1,16.7,2.56,0.43,0.0,0.0,12.9,0,0,0,0.8,0.8,0.13,-0.8,-0.8,32,ma MAR,"MF,FW",de Bundesliga,24-283,2000.0,2.3,92,122,75.4,1182,259,0,0.1,0.8,-0.1,2,2,7,2,9,32,ma MAR,"MF,FW",de Bundesliga,24-283,2000.0,2.3,122,117,5,0,0,1,11,5,0,0,0,0,92,0,4,32,ma MAR,"MF,FW",de Bundesliga,24-283,2000.0,2.3,12,5.12,5,0,2,2,3,0,0,0.0,32,ma MAR,"MF,FW",de Bundesliga,24-283,2000.0,2.3,7,4,1,1,5,5,60.0,2,3,0,3,0,7,3,0,32,ma MAR,"MF,FW",de Bundesliga,24-283,2000.0,2.3,161,3,21,43,99,16,161,14,7,50.0,6,42.9,84,580,351,12,10,2,6,2,124,40,41,ma MAR,"MF,FW",de Bundesliga,24-283,2000.0,8,211.0,26.0,10.7,2.3,2,59.0,0,6,16.0,1,1.88,5.0,6.0,-1.0,-0.43,-1.6,7.1,2.7,4.5,1.91,32,ma MAR,"MF,FW",de Bundesliga,24-283,2000.0,2.3,1,0,0,2,7,0,11,0,4,2,0,0,12,6,5,54.5,,,,,,,,,,,,,,,,,,,,,,,,,,,,,,,,,,,,,,,,,,,,,,,,,,,,,,Leverkusen,ma MAR,"28,000,000","95,000",2027-06-30,173,67,Right
33,Yacine Adli,fr FRA,MF,Fiorentina,it Serie A,24.0,2000.0,20,14,1120,12.4,3,4,7,3,0,0,3,1,0.5,0.5,2.2,2.6,22,96,23,0.56,0.21,33,fr FRA,MF,it Serie A,24-203,2000.0,12.4,3,11,4,36.4,0.88,0.32,0.27,0.75,21.5,1,0,0,0.5,0.5,0.04,2.5,2.5,33,fr FRA,MF,it Serie A,24-203,2000.0,12.4,649,798,81.3,12791,4149,4,2.2,2.0,1.8,21,80,10,3,96,33,fr FRA,MF,it Serie A,24-203,2000.0,12.4,798,710,84,39,3,13,56,5,39,17,19,0,649,4,11,33,fr FRA,MF,it Serie A,24-203,2000.0,12.4,45,3.61,32,9,2,2,0,0,8,0.64,33,fr FRA,MF,it Serie A,24-203,2000.0,12.4,31,18,11,15,5,38,44.7,21,11,1,10,6,37,18,0,33,fr FRA,MF,it Serie A,24-203,2000.0,12.4,913,26,161,551,211,9,913,24,10,41.7,12,50.0,544,3195,1488,22,25,2,17,4,607,23,42,fr FRA,MF,it Serie A,24-203,2000.0,20,1120.0,56.0,49.8,12.4,14,71.0,4,6,21.0,0,1.85,25.0,14.0,11.0,0.88,0.49,18.3,12.9,5.4,0.43,33,fr FRA,MF,it Serie A,24-203,2000.0,12.4,3,1,1,9,16,0,56,6,18,0,0,0,69,5,15,25.0,,,,,,,,,,,,,,,,,,,,,,,,,,,,,,,,,,,,,,,,,,,,,,,,,,,,,,Fiorentina,fr FRA,"22,000,000","80,000",2026-06-30,186,75,Right
34,Adrián,es ESP,GK,Betis,es La Liga,38.0,1987.0,5,5,450,5.0,0,0,0,0,0,0,2,0,0.0,0.0,0.0,0.0,0,0,0,0.0,0.0,34,es ESP,GK,es La Liga,38-045,1987.0,5.0,0,0,0,,0.0,0.0,,,,0,0,0,0.0,0.0,,0.0,0.0,34,es ESP,GK,es La Liga,38-045,1987.0,5.0,149,184,81.0,3907,2636,0,0.0,0.0,0.0,0,2,0,0,0,34,es ESP,GK,es La Liga,38-045,1987.0,5.0,184,143,40,16,0,0,0,0,0,0,0,0,149,1,1,34,es ESP,GK,es La Liga,38-045,1987.0,5.0,0,0.0,0,0,0,0,0,0,0,0.0,34,es ESP,GK,es La Liga,38-045,1987.0,5.0,0,0,0,0,0,1,0.0,1,0,0,0,0,0,1,0,34,es ESP,GK,es La Liga,38-045,1987.0,5.0,189,159,188,1,0,0,189,0,0,,0,,121,607,410,0,0,0,0,0,98,0,43,es ESP,GK,es La Liga,38-045,1987.0,5,450.0,90.0,20.8,5.0,5,90.0,5,0,,17,1.86,12.0,8.0,4.0,0.8,1.22,5.7,6.4,-0.7,-0.14,34,es ESP,GK,es La Liga,38-045,1987.0,5.0,2,0,0,0,0,0,0,0,0,0,0,0,4,1,1,50.0,1.0,es ESP,GK,es La Liga,38-045,1987.0,5.0,5.0,450.0,5.0,8.0,1.6,18.0,10.0,61.1,2.0,1.0,2.0,2.0,40.0,1.0,1.0,0.0,0.0,1.0,es ESP,GK,es La Liga,38-045,1987.0,5.0,8.0,1.0,0.0,2.0,0.0,6.2,0.3,-1.8,-0.35,23.0,50.0,46.0,159.0,21.0,28.3,30.7,72.0,5.0,6.9,3.0,0.6,12.7,Betis,es ESP,"500,000","10,000",2024-06-30,190,88,Right
35,Adryelson,br BRA,DF,Lyon,fr Ligue 1,26.0,1998.0,1,0,1,0.0,0,0,0,0,0,0,1,0,0.0,0.0,0.0,0.0,0,1,0,0.0,0.0,35,br BRA,DF,fr Ligue 1,26-331,1998.0,0.0,0,0,0,,0.0,0.0,,,,0,0,0,0.0,0.0,,0.0,0.0,35,br BRA,DF,fr Ligue 1,26-331,1998.0,0.0,1,3,33.3,21,19,0,0.0,0.0,0.0,0,0,0,0,1,35,br BRA,DF,fr Ligue 1,26-331,1998.0,0.0,3,3,0,0,0,0,0,0,0,0,0,0,1,0,0,35,br BRA,DF,fr Ligue 1,26-331,1998.0,0.0,0,0.0,0,0,0,0,0,0,0,0.0,35,br BRA,DF,fr Ligue 1,26-331,1998.0,0.0,0,0,0,0,0,0,,0,0,0,0,1,1,1,0,35,br BRA,DF,fr Ligue 1,26-331,1998.0,0.0,5,1,2,3,0,0,5,0,0,,0,,1,0,0,0,0,0,0,0,1,0,44,br BRA,DF,fr Ligue 1,26-331,1998.0,1,1.0,1.0,0.1,0.0,0,,0,1,1.0,2,3.0,0.0,0.0,0.0,0.0,-0.45,0.0,0.0,0.0,0.0,35,br BRA,DF,fr Ligue 1,26-331,1998.0,0.0,1,0,0,0,0,0,0,1,0,0,0,0,0,1,0,100.0,,,,,,,,,,,,,,,,,,,,,,,,,,,,,,,,,,,,,,,,,,,,,,,,,,,,,,Lyon,br BRA,"15,000,000","55,000",2027-06-30,187,78,Right
36,Vasilije Adžić,me MNE,"MF,FW",Juventus,it Serie A,18.0,2006.0,3,0,26,0.3,0,0,0,0,0,0,0,0,0.0,0.0,0.0,0.0,0,1,2,0.0,0.09,36,me MNE,"MF,FW",it Serie A,18-281,2006.0,0.3,0,1,1,100.0,3.46,3.46,0.0,0.0,29.1,0,0,0,0.0,0.0,0.03,0.0,0.0,36,me MNE,"MF,FW",it Serie A,18-281,2006.0,0.3,12,16,75.0,202,22,0,0.0,0.0,0.0,0,1,1,0,1,36,me MNE,"MF,FW",it Serie A,18-281,2006.0,0.3,16,16,0,0,0,0,0,0,0,0,0,0,12,0,1,36,me MNE,"MF,FW",it Serie A,18-281,2006.0,0.3,2,6.92,1,0,0,1,0,0,0,0.0,36,me MNE,"MF,FW",it Serie A,18-281,2006.0,0.3,2,2,0,1,1,1,0.0,1,0,0,0,0,2,0,0,36,me MNE,"MF,FW",it Serie A,18-281,2006.0,0.3,19,0,2,7,10,1,19,1,0,0.0,1,100.0,8,25,5,0,1,0,0,1,15,2,46,me MNE,"MF,FW",it Serie A,18-281,2006.0,3,26.0,9.0,1.2,0.3,0,,0,3,9.0,13,3.0,1.0,0.0,1.0,3.46,2.69,0.3,0.1,0.3,0.9,36,me MNE,"MF,FW",it Serie A,18-281,2006.0,0.3,0,0,0,1,0,0,0,0,2,0,0,0,2,2,2,50.0,,,,,,,,,,,,,,,,,,,,,,,,,,,,,,,,,,,,,,,,,,,,,,,,,,,,,,Juventus,me MNE,"8,000,000","30,000",2028-06-30,182,76,Left
37,Michel Aebischer,ch SUI,MF,Bologna,it Serie A,28.0,1997.0,8,5,382,4.2,0,0,0,0,0,0,0,0,0.2,0.2,0.3,0.4,4,20,9,0.0,0.1,37,ch SUI,MF,it Serie A,28-042,1997.0,4.2,0,5,2,40.0,1.18,0.47,0.0,0.0,21.1,1,0,0,0.2,0.2,0.03,-0.2,-0.2,37,ch SUI,MF,it Serie A,28-042,1997.0,4.2,177,203,87.2,3246,834,0,0.3,0.5,-0.3,6,18,3,1,20,37,ch SUI,MF,it Serie A,28-042,1997.0,4.2,203,191,10,4,1,2,6,0,6,1,3,0,177,2,2,37,ch SUI,MF,it Serie A,28-042,1997.0,4.2,9,2.11,6,2,0,0,0,1,0,0.0,37,ch SUI,MF,it Serie A,28-042,1997.0,4.2,7,4,1,4,2,8,50.0,4,3,1,2,5,12,2,0,37,ch SUI,MF,it Serie A,28-042,1997.0,4.2,241,6,35,142,65,7,241,3,1,33.3,1,33.3,134,537,191,4,6,2,4,3,171,9,47,ch SUI,MF,it Serie A,28-042,1997.0,8,382.0,48.0,17.7,4.2,5,65.0,1,3,19.0,2,1.38,4.0,4.0,0.0,0.0,-0.46,2.8,4.6,-1.8,-0.42,37,ch SUI,MF,it Serie A,28-042,1997.0,4.2,0,0,0,8,8,0,6,5,4,0,0,0,19,3,6,33.3,,,,,,,,,,,,,,,,,,,,,,,,,,,,,,,,,,,,,,,,,,,,,,,,,,,,,,Bologna,ch SUI,"10,000,000","40,000",2025-06-30,183,77,Right
38,Oladapo Afolayan,eng ENG,"FW,MF",St. Pauli,de Bundesliga,27.0,1998.0,21,13,1273,14.1,2,1,3,2,0,0,2,0,2.7,2.7,3.2,5.9,42,22,87,0.21,0.42,38,eng ENG,"FW,MF",de Bundesliga,27-005,1998.0,14.1,2,28,9,32.1,1.98,0.64,0.07,0.22,19.4,0,0,0,2.7,2.7,0.1,-0.7,-0.7,38,eng ENG,"FW,MF",de Bundesliga,27-005,1998.0,14.1,247,352,70.2,4287,988,1,3.2,3.1,-2.2,16,17,9,8,22,38,eng ENG,"FW,MF",de Bundesliga,27-005,1998.0,14.1,352,331,18,3,0,4,42,7,0,0,0,0,247,3,21,38,eng ENG,"FW,MF",de Bundesliga,27-005,1998.0,14.1,40,2.83,21,0,11,5,3,0,6,0.42,38,eng ENG,"FW,MF",de Bundesliga,27-005,1998.0,14.1,15,8,4,7,4,14,35.7,9,12,1,11,7,22,15,0,38,eng ENG,"FW,MF",de Bundesliga,27-005,1998.0,14.1,562,9,69,237,267,48,562,79,41,51.9,33,41.8,378,2654,1102,42,35,20,42,35,412,87,48,eng ENG,"FW,MF",de Bundesliga,27-005,1998.0,21,1273.0,61.0,64.3,14.1,13,82.0,2,8,26.0,1,1.0,12.0,20.0,-8.0,-0.57,-0.69,15.0,20.2,-5.2,-0.37,38,eng ENG,"FW,MF",de Bundesliga,27-005,1998.0,14.1,2,0,0,18,32,9,42,7,8,1,0,0,57,12,36,25.0,,,,,,,,,,,,,,,,,,,,,,,,,,,,,,,,,,,,,,,,,,,,,,,,,,,,,,St. Pauli,eng ENG,"7,000,000","28,000",2026-06-30,185,80,Right
39,Emmanuel Agbadou,ci CIV,DF,Wolves,eng Premier League,27.0,1997.0,5,5,420,4.7,0,0,0,0,0,0,2,0,0.0,0.0,0.0,0.0,1,9,0,0.0,0.01,39,ci CIV,DF,eng Premier League,27-245,1997.0,4.7,0,2,1,50.0,0.43,0.21,0.0,0.0,35.3,0,0,0,0.0,0.0,0.02,0.0,0.0,39,ci CIV,DF,eng Premier League,27-245,1997.0,4.7,200,252,79.4,4179,1443,0,0.0,0.0,0.0,0,6,0,0,9,39,ci CIV,DF,eng Premier League,27-245,1997.0,4.7,252,235,15,10,0,8,0,0,0,0,0,0,200,2,3,39,ci CIV,DF,eng Premier League,27-245,1997.0,4.7,4,0.86,3,1,0,0,0,0,0,0.0,39,ci CIV,DF,eng Premier League,27-245,1997.0,4.7,14,9,10,4,0,11,63.6,4,5,3,2,6,20,25,0,39,ci CIV,DF,eng Premier League,27-245,1997.0,4.7,309,58,180,122,10,0,309,7,6,85.7,1,14.3,179,969,453,1,2,0,2,1,181,0,49,ci CIV,DF,eng Premier League,27-245,1997.0,5,420.0,84.0,18.7,4.7,5,84.0,4,0,,0,0.6,3.0,9.0,-6.0,-1.29,-0.7,5.9,8.3,-2.3,-0.5,39,ci CIV,DF,eng Premier League,27-245,1997.0,4.7,2,0,0,0,1,1,0,6,9,0,0,0,28,10,5,66.7,,,,,,,,,,,,,,,,,,,,,,,,,,,,,,,,,,,,,,,,,,,,,,,,,,,,,,Wolves,ci CIV,"12,000,000","50,000",2027-06-30,192,85,Right
39,Emmanuel Agbadou,ci CIV,DF,Wolves,eng Premier League,27.0,1997.0,5,5,420,4.7,0,0,0,0,0,0,2,0,0.0,0.0,0.0,0.0,1,9,0,0.0,0.01,39,ci CIV,DF,eng Premier League,27-245,1997.0,4.7,0,2,1,50.0,0.43,0.21,0.0,0.0,35.3,0,0,0,0.0,0.0,0.02,0.0,0.0,39,ci CIV,DF,eng Premier League,27-245,1997.0,4.7,200,252,79.4,4179,1443,0,0.0,0.0,0.0,0,6,0,0,9,39,ci CIV,DF,eng Premier League,27-245,1997.0,4.7,252,235,15,10,0,8,0,0,0,0,0,0,200,2,3,39,ci CIV,DF,eng Premier League,27-245,1997.0,4.7,4,0.86,3,1,0,0,0,0,0,0.0,39,ci CIV,DF,eng Premier League,27-245,1997.0,4.7,14,9,10,4,0,11,63.6,4,5,3,2,6,20,25,0,39,ci CIV,DF,eng Premier League,27-245,1997.0,4.7,309,58,180,122,10,0,309,7,6,85.7,1,14.3,179,969,453,1,2,0,2,1,181,0,49,ci CIV,DF,eng Premier League,27-245,1997.0,5,420.0,84.0,18.7,4.7,5,84.0,4,0,,0,0.6,3.0,9.0,-6.0,-1.29,-0.7,5.9,8.3,-2.3,-0.5,39,ci CIV,DF,eng Premier League,27-245,1997.0,4.7,2,0,0,0,1,1,0,6,9,0,0,0,28,10,5,66.7,,,,,,,,,,,,,,,,,,,,,,,,,,,,,,,,,,,,,,,,,,,,,,,,,,,,,,Reims,ci CIV,"15,000,000","60,000",2028-06-30,192,85,Right
40,Emmanuel Agbadou,ci CIV,DF,Reims,fr Ligue 1,27.0,1997.0,14,14,1260,14.0,0,0,0,0,0,0,3,0,0.5,0.5,0.3,0.8,10,77,0,0.0,0.06,40,ci CIV,DF,fr Ligue 1,27-245,1997.0,14.0,0,15,3,20.0,1.07,0.21,0.0,0.0,28.8,1,0,0,0.5,0.5,0.04,-0.5,-0.5,40,ci CIV,DF,fr Ligue 1,27-245,1997.0,14.0,810,922,87.9,16521,6962,0,0.3,0.3,-0.3,8,71,4,1,77,40,ci CIV,DF,fr Ligue 1,27-245,1997.0,14.0,922,842,77,37,3,22,1,4,0,0,0,0,810,3,4,40,ci CIV,DF,fr Ligue 1,27-245,1997.0,14.0,21,1.5,19,0,1,1,0,0,1,0.07,40,ci CIV,DF,fr Ligue 1,27-245,1997.0,14.0,25,17,19,3,3,26,73.1,7,22,13,9,19,44,64,1,40,ci CIV,DF,fr Ligue 1,27-245,1997.0,14.0,1080,178,565,474,45,4,1080,12,9,75.0,3,25.0,621,3413,1974,10,9,0,9,6,701,0,50,ci CIV,DF,fr Ligue 1,27-245,1997.0,14,1260.0,90.0,63.6,14.0,14,90.0,14,0,,0,1.36,19.0,17.0,2.0,0.14,1.27,18.0,21.0,-3.0,-0.22,40,ci CIV,DF,fr Ligue 1,27-245,1997.0,14.0,3,0,0,13,6,0,1,19,17,0,0,0,85,18,11,62.1,,,,,,,,,,,,,,,,,,,,,,,,,,,,,,,,,,,,,,,,,,,,,,,,,,,,,,Wolves,ci CIV,"12,000,000","50,000",2027-06-30,192,85,Right
40,Emmanuel Agbadou,ci CIV,DF,Reims,fr Ligue 1,27.0,1997.0,14,14,1260,14.0,0,0,0,0,0,0,3,0,0.5,0.5,0.3,0.8,10,77,0,0.0,0.06,40,ci CIV,DF,fr Ligue 1,27-245,1997.0,14.0,0,15,3,20.0,1.07,0.21,0.0,0.0,28.8,1,0,0,0.5,0.5,0.04,-0.5,-0.5,40,ci CIV,DF,fr Ligue 1,27-245,1997.0,14.0,810,922,87.9,16521,6962,0,0.3,0.3,-0.3,8,71,4,1,77,40,ci CIV,DF,fr Ligue 1,27-245,1997.0,14.0,922,842,77,37,3,22,1,4,0,0,0,0,810,3,4,40,ci CIV,DF,fr Ligue 1,27-245,1997.0,14.0,21,1.5,19,0,1,1,0,0,1,0.07,40,ci CIV,DF,fr Ligue 1,27-245,1997.0,14.0,25,17,19,3,3,26,73.1,7,22,13,9,19,44,64,1,40,ci CIV,DF,fr Ligue 1,27-245,1997.0,14.0,1080,178,565,474,45,4,1080,12,9,75.0,3,25.0,621,3413,1974,10,9,0,9,6,701,0,50,ci CIV,DF,fr Ligue 1,27-245,1997.0,14,1260.0,90.0,63.6,14.0,14,90.0,14,0,,0,1.36,19.0,17.0,2.0,0.14,1.27,18.0,21.0,-3.0,-0.22,40,ci CIV,DF,fr Ligue 1,27-245,1997.0,14.0,3,0,0,13,6,0,1,19,17,0,0,0,85,18,11,62.1,,,,,,,,,,,,,,,,,,,,,,,,,,,,,,,,,,,,,,,,,,,,,,,,,,,,,,Reims,ci CIV,"15,000,000","60,000",2028-06-30,192,85,Right
41,Asher Agbinone,eng ENG,MF,Crystal Palace,eng Premier League,19.0,2005.0,2,0,6,0.1,0,0,0,0,0,0,0,0,0.0,0.0,0.0,0.1,2,0,1,0.0,0.79,41,eng ENG,MF,eng Premier League,19-142,2005.0,0.1,0,1,0,0.0,15.0,0.0,0.0,,26.3,0,0,0,0.0,0.0,0.02,0.0,0.0,41,eng ENG,MF,eng Premier League,19-142,2005.0,0.1,2,3,66.7,32,0,0,0.0,0.0,0.0,1,0,0,0,0,41,eng ENG,MF,eng Premier League,19-142,2005.0,0.1,3,3,0,0,0,0,1,0,0,0,0,0,2,0,0,41,eng ENG,MF,eng Premier League,19-142,2005.0,0.1,1,15.0,1,0,0,0,0,0,0,0.0,41,eng ENG,MF,eng Premier League,19-142,2005.0,0.1,2,1,0,2,0,0,,0,0,0,0,0,2,0,0,41,eng ENG,MF,eng Premier League,19-142,2005.0,0.1,8,0,0,2,6,0,8,2,0,0.0,1,50.0,5,53,23,2,0,0,0,1,5,1,51,eng ENG,MF,eng Premier League,19-142,2005.0,2,6.0,3.0,0.3,0.1,0,,0,2,3.0,10,0.0,0.0,0.0,0.0,0.0,0.12,0.1,0.0,0.1,1.71,41,eng ENG,MF,eng Premier League,19-142,2005.0,0.1,0,0,0,0,0,0,1,0,1,0,0,0,0,0,1,0.0,,,,,,,,,,,,,,,,,,,,,,,,,,,,,,,,,,,,,,,,,,,,,,,,,,,,,,Crystal Palace,eng ENG,"500,000","5,000",2025-06-30,170,63,Right
42,Jeremy Agbonifo,se SWE,"FW,MF",Lens,fr Ligue 1,19.0,2005.0,3,0,102,1.1,1,0,1,1,0,0,0,0,0.5,0.5,0.1,0.6,6,1,12,0.88,0.51,42,se SWE,"FW,MF",fr Ligue 1,19-116,2005.0,1.1,1,3,2,66.7,2.65,1.76,0.33,0.5,13.0,0,0,0,0.5,0.5,0.17,0.5,0.5,42,se SWE,"FW,MF",fr Ligue 1,19-116,2005.0,1.1,15,20,75.0,182,30,0,0.1,0.1,-0.1,1,1,1,1,1,42,se SWE,"FW,MF",fr Ligue 1,19-116,2005.0,1.1,20,19,1,0,0,0,1,1,0,0,0,0,15,0,2,42,se SWE,"FW,MF",fr Ligue 1,19-116,2005.0,1.1,2,1.76,2,0,0,0,0,0,0,0.0,42,se SWE,"FW,MF",fr Ligue 1,19-116,2005.0,1.1,3,3,3,0,0,2,100.0,0,0,0,0,1,4,0,0,42,se SWE,"FW,MF",fr Ligue 1,19-116,2005.0,1.1,37,0,8,15,16,9,37,8,5,62.5,3,37.5,26,231,84,6,0,5,3,3,24,12,52,se SWE,"FW,MF",fr Ligue 1,19-116,2005.0,3,102.0,34.0,5.2,1.1,0,,0,3,34.0,0,1.0,1.0,3.0,-2.0,-1.76,-2.1,1.9,2.9,-1.0,-0.85,42,se SWE,"FW,MF",fr Ligue 1,19-116,2005.0,1.1,0,0,0,4,2,1,1,1,3,0,0,0,4,0,2,0.0,,,,,,,,,,,,,,,,,,,,,,,,,,,,,,,,,,,,,,,,,,,,,,,,,,,,,,Lens,se SWE,"2,000,000","12,000",2026-06-30,177,69,Left
43,Julen Agirrezabala,es ESP,GK,Athletic Club,es La Liga,24.0,2000.0,14,14,1206,13.4,0,0,0,0,0,0,1,1,0.0,0.0,0.0,0.0,0,0,0,0.0,0.0,43,es ESP,GK,es La Liga,24-053,2000.0,13.4,0,0,0,,0.0,0.0,,,,0,0,0,0.0,0.0,,0.0,0.0,43,es ESP,GK,es La Liga,24-053,2000.0,13.4,281,411,68.4,7681,5777,0,0.0,0.0,0.0,0,1,0,0,0,43,es ESP,GK,es La Liga,24-053,2000.0,13.4,411,305,102,36,0,0,0,0,0,0,0,0,281,4,0,43,es ESP,GK,es La Liga,24-053,2000.0,13.4,3,0.22,3,0,0,0,0,0,0,0.0,43,es ESP,GK,es La Liga,24-053,2000.0,13.4,0,0,0,0,0,1,0.0,1,0,0,0,0,0,4,0,43,es ESP,GK,es La Liga,24-053,2000.0,13.4,437,357,436,1,0,0,437,0,0,,0,,237,1238,682,0,0,0,1,0,211,0,53,es ESP,GK,es La Liga,24-053,2000.0,14,1206.0,86.0,55.8,13.4,14,86.0,12,0,,8,2.21,22.0,9.0,13.0,0.97,0.69,19.0,11.0,8.0,0.6,43,es ESP,GK,es La Liga,24-053,2000.0,13.4,1,1,0,3,1,0,0,0,0,0,2,0,21,5,0,100.0,2.0,es ESP,GK,es La Liga,24-053,2000.0,14.0,14.0,1206.0,13.4,9.0,0.67,34.0,24.0,76.5,9.0,4.0,1.0,5.0,35.7,2.0,1.0,1.0,0.0,2.0,es ESP,GK,es La Liga,24-053,2000.0,13.4,9.0,1.0,2.0,1.0,0.0,10.5,0.27,1.5,0.11,57.0,178.0,32.0,341.0,51.0,37.5,33.9,143.0,20.0,14.0,17.0,1.27,14.2,Athletic Club,es ESP,"8,000,000","35,000",2027-06-30,187,80,Right
44,Lucien Agoume,fr FRA,MF,Sevilla,es La Liga,23.0,2002.0,22,13,1132,12.6,0,0,0,0,0,0,3,1,0.2,0.2,0.6,0.8,13,55,13,0.0,0.07,44,fr FRA,MF,es La Liga,23-008,2002.0,12.6,0,5,0,0.0,0.4,0.0,0.0,,13.7,0,0,0,0.2,0.2,0.05,-0.2,-0.2,44,fr FRA,MF,es La Liga,23-008,2002.0,12.6,549,673,81.6,8472,2403,0,0.6,0.4,-0.6,8,49,4,0,55,44,fr FRA,MF,es La Liga,23-008,2002.0,12.6,673,652,17,13,2,5,4,4,0,0,0,0,549,4,11,44,fr FRA,MF,es La Liga,23-008,2002.0,12.6,26,2.07,24,0,1,1,0,0,3,0.24,44,fr FRA,MF,es La Liga,23-008,2002.0,12.6,32,10,10,18,4,21,66.7,7,18,7,11,19,51,14,0,44,fr FRA,MF,es La Liga,23-008,2002.0,12.6,794,33,185,504,114,9,794,14,11,78.6,3,21.4,365,1698,735,13,13,1,16,6,517,13,54,fr FRA,MF,es La Liga,23-008,2002.0,22,1132.0,51.0,52.4,12.6,13,81.0,5,9,9.0,1,1.27,15.0,22.0,-7.0,-0.56,-0.38,12.6,18.9,-6.3,-0.5,44,fr FRA,MF,es La Liga,23-008,2002.0,12.6,3,1,0,22,3,2,4,19,10,0,1,0,78,21,25,45.7,,,,,,,,,,,,,,,,,,,,,,,,,,,,,,,,,,,,,,,,,,,,,,,,,,,,,,Sevilla,fr FRA,"18,000,000","65,000",2028-06-30,185,78,Right
45,Felix Agu,de GER,DF,Werder Bremen,de Bundesliga,25.0,1999.0,10,10,799,8.9,2,0,2,2,0,0,1,0,0.7,0.7,0.9,1.5,17,16,69,0.23,0.17,45,de GER,DF,de Bundesliga,25-143,1999.0,8.9,2,3,3,100.0,0.34,0.34,0.67,0.67,12.9,0,0,0,0.7,0.7,0.22,1.3,1.3,45,de GER,DF,de Bundesliga,25-143,1999.0,8.9,306,378,81.0,4868,1462,0,0.9,1.1,-0.9,11,9,14,8,16,45,de GER,DF,de Bundesliga,25-143,1999.0,8.9,378,314,63,2,0,2,21,61,0,0,0,0,306,1,10,45,de GER,DF,de Bundesliga,25-143,1999.0,8.9,17,1.91,14,0,1,0,2,0,1,0.11,45,de GER,DF,de Bundesliga,25-143,1999.0,8.9,10,5,6,3,1,11,45.5,6,6,2,4,8,18,23,0,45,de GER,DF,de Bundesliga,25-143,1999.0,8.9,463,23,144,197,123,20,463,10,3,30.0,6,60.0,251,1183,587,17,6,3,17,3,295,69,56,de GER,DF,de Bundesliga,25-143,1999.0,10,799.0,80.0,40.4,8.9,10,80.0,4,0,,2,1.5,14.0,20.0,-6.0,-0.68,-0.75,11.8,11.9,-0.1,-0.02,45,de GER,DF,de Bundesliga,25-143,1999.0,8.9,1,0,0,7,17,2,21,8,5,0,0,1,25,9,12,42.9,,,,,,,,,,,,,,,,,,,,,,,,,,,,,,,,,,,,,,,,,,,,,,,,,,,,,,Werder Bremen,de GER,"10,000,000","45,000",2026-06-30,178,72,Right
46,Álvaro Aguado,es ESP,MF,Espanyol,es La Liga,28.0,1996.0,11,4,406,4.5,0,0,0,0,0,0,2,0,0.4,0.4,0.0,0.5,9,25,2,0.0,0.11,46,es ESP,MF,es La Liga,28-292,1996.0,4.5,0,9,0,0.0,2.0,0.0,0.0,,23.4,1,0,0,0.4,0.4,0.05,-0.4,-0.4,46,es ESP,MF,es La Liga,28-292,1996.0,4.5,158,205,77.1,3028,942,0,0.0,0.2,0.0,2,22,7,3,25,46,es ESP,MF,es La Liga,28-292,1996.0,4.5,205,189,15,9,1,3,11,2,3,1,1,0,158,1,5,46,es ESP,MF,es La Liga,28-292,1996.0,4.5,13,2.88,12,0,0,1,0,0,0,0.0,46,es ESP,MF,es La Liga,28-292,1996.0,4.5,4,2,2,2,0,8,25.0,6,6,1,5,3,7,5,1,46,es ESP,MF,es La Liga,28-292,1996.0,4.5,255,6,57,141,60,3,255,7,4,57.1,2,28.6,144,1122,564,9,5,1,8,3,161,2,57,es ESP,MF,es La Liga,28-292,1996.0,11,406.0,37.0,18.8,4.5,4,71.0,0,7,17.0,11,0.73,4.0,7.0,-3.0,-0.67,-0.15,4.3,7.6,-3.3,-0.73,46,es ESP,MF,es La Liga,28-292,1996.0,4.5,2,0,0,5,7,0,11,3,2,0,0,0,31,3,2,60.0,,,,,,,,,,,,,,,,,,,,,,,,,,,,,,,,,,,,,,,,,,,,,,,,,,,,,,Espanyol,es ESP,"6,000,000","30,000",2025-06-30,180,75,Right
47,Lorenzo Aguado,es ESP,DF,Real Madrid,es La Liga,22.0,2002.0,2,0,5,0.1,0,0,0,0,0,0,0,0,0.0,0.0,0.0,0.0,0,0,0,0.0,0.0,47,es ESP,DF,es La Liga,22-151,2002.0,0.1,0,0,0,,0.0,0.0,,,,0,0,0,0.0,0.0,,0.0,0.0,47,es ESP,DF,es La Liga,22-151,2002.0,0.1,1,1,100.0,34,0,0,0.0,0.0,0.0,0,0,0,0,0,47,es ESP,DF,es La Liga,22-151,2002.0,0.1,1,0,1,0,0,0,0,1,0,0,0,0,1,0,0,47,es ESP,DF,es La Liga,22-151,2002.0,0.1,0,0.0,0,0,0,0,0,0,0,0.0,47,es ESP,DF,es La Liga,22-151,2002.0,0.1,0,0,0,0,0,0,,0,0,0,0,0,0,2,0,47,es ESP,DF,es La Liga,22-151,2002.0,0.1,3,0,3,0,0,0,3,0,0,,0,,1,2,0,0,0,0,0,1,1,0,59,es ESP,DF,es La Liga,22-151,2002.0,2,5.0,3.0,0.2,0.1,0,,0,2,3.0,6,3.0,0.0,0.0,0.0,0.0,-1.21,0.2,0.0,0.2,3.53,47,es ESP,DF,es La Liga,22-151,2002.0,0.1,0,0,0,0,0,0,0,0,0,0,0,0,0,0,0,,,,,,,,,,,,,,,,,,,,,,,,,,,,,,,,,,,,,,,,,,,,,,,,,,,,,,,Real Madrid,es ESP,"2,000,000","15,000",2025-06-30,184,78,Right
48,Nayef Aguerd,ma MAR,DF,Real Sociedad,es La Liga,28.0,1996.0,18,18,1549,17.2,0,0,0,0,0,0,4,0,2.1,2.1,0.1,2.2,22,69,1,0.0,0.13,48,ma MAR,DF,es La Liga,28-324,1996.0,17.2,0,13,4,30.8,0.76,0.23,0.0,0.0,11.9,0,0,0,2.1,2.1,0.16,-2.1,-2.1,48,ma MAR,DF,es La Liga,28-324,1996.0,17.2,1017,1161,87.6,19620,7206,0,0.1,0.2,-0.1,5,77,3,1,69,48,ma MAR,DF,es La Liga,28-324,1996.0,17.2,1161,1109,46,33,0,30,2,3,0,0,0,0,1017,6,8,48,ma MAR,DF,es La Liga,28-324,1996.0,17.2,14,0.81,11,1,0,2,0,0,1,0.06,48,ma MAR,DF,es La Liga,28-324,1996.0,17.2,30,24,17,12,1,19,63.2,7,20,14,6,13,43,87,0,48,ma MAR,DF,es La Liga,28-324,1996.0,17.2,1350,119,613,695,45,13,1350,7,4,57.1,1,14.3,837,4936,3093,22,14,0,6,3,950,1,60,ma MAR,DF,es La Liga,28-324,1996.0,18,1549.0,86.0,71.7,17.2,18,86.0,15,0,,2,1.5,17.0,14.0,3.0,0.17,0.62,24.0,18.1,5.9,0.34,48,ma MAR,DF,es La Liga,28-324,1996.0,17.2,4,0,0,11,18,0,2,13,24,0,1,0,62,56,30,65.1,,,,,,,,,,,,,,,,,,,,,,,,,,,,,,,,,,,,,,,,,,,,,,,,,,,,,,Real Sociedad,ma MAR,"25,000,000","85,000",2027-06-30,190,82,Left
49,Ruben Aguilar,fr FRA,DF,Lens,fr Ligue 1,31.0,1993.0,7,4,364,4.0,0,1,1,0,0,0,1,0,0.2,0.2,0.7,0.8,5,19,34,0.25,0.2,49,fr FRA,DF,fr Ligue 1,31-297,1993.0,4.0,0,2,0,0.0,0.49,0.0,0.0,,13.3,0,0,0,0.2,0.2,0.08,-0.2,-0.2,49,fr FRA,DF,fr Ligue 1,31-297,1993.0,4.0,240,290,82.8,3248,1302,1,0.7,0.6,0.3,2,12,5,1,19,49,fr FRA,DF,fr Ligue 1,31-297,1993.0,4.0,290,237,53,4,0,1,12,49,0,0,0,0,240,0,10,49,fr FRA,DF,fr Ligue 1,31-297,1993.0,4.0,10,2.47,10,0,0,0,0,0,1,0.25,49,fr FRA,DF,fr Ligue 1,31-297,1993.0,4.0,11,8,6,5,0,13,61.5,5,7,1,6,6,17,3,0,49,fr FRA,DF,fr Ligue 1,31-297,1993.0,4.0,332,4,83,152,101,10,332,5,1,20.0,3,60.0,155,635,271,5,6,1,6,1,195,34,62,fr FRA,DF,fr Ligue 1,31-297,1993.0,7,364.0,52.0,18.4,4.0,4,82.0,2,3,12.0,3,1.71,3.0,1.0,2.0,0.49,0.33,5.9,3.6,2.3,0.57,49,fr FRA,DF,fr Ligue 1,31-297,1993.0,4.0,1,0,0,5,5,1,12,6,8,0,0,0,26,3,2,60.0,,,,,,,,,,,,,,,,,,,,,,,,,,,,,,,,,,,,,,,,,,,,,,,,,,,,,,Lens,fr FRA,"7,000,000","32,000",2025-06-30,172,68,Right
50,Naouirou Ahamada,fr FRA,"MF,FW",Rennes,fr Ligue 1,22.0,2002.0,3,0,58,0.6,0,0,0,0,0,0,0,0,0.0,0.0,0.0,0.0,2,1,1,0.0,0.03,50,fr FRA,"MF,FW",fr Ligue 1,22-325,2002.0,0.6,0,1,0,0.0,1.55,0.0,0.0,,28.2,0,0,0,0.0,0.0,0.02,0.0,0.0,50,fr FRA,"MF,FW",fr Ligue 1,22-325,2002.0,0.6,17,22,77.3,266,33,0,0.0,0.0,0.0,0,2,0,0,1,50,fr FRA,"MF,FW",fr Ligue 1,22-325,2002.0,0.6,22,22,0,0,0,0,1,0,0,0,0,0,17,0,0,50,fr FRA,"MF,FW",fr Ligue 1,22-325,2002.0,0.6,2,3.1,2,0,0,0,0,0,0,0.0,50,fr FRA,"MF,FW",fr Ligue 1,22-325,2002.0,0.6,0,0,0,0,0,0,,0,0,0,0,2,2,2,0,50,fr FRA,"MF,FW",fr Ligue 1,22-325,2002.0,0.6,31,1,12,16,3,0,31,1,0,0.0,1,100.0,16,131,55,2,1,0,1,1,17,1,64,fr FRA,"MF,FW",fr Ligue 1,22-325,2002.0,3,58.0,19.0,2.9,0.6,0,,0,3,19.0,8,1.0,1.0,2.0,-1.0,-1.55,-1.55,0.5,1.9,-1.4,-2.19,50,fr FRA,"MF,FW",fr Ligue 1,22-325,2002.0,0.6,0,0,0,1,0,0,1,2,0,0,0,0,7,0,1,0.0,,,,,,,,,,,,,,,,,,,,,,,,,,,,,,,,,,,,,,,,,,,,,,,,,,,,,,Rennes,fr FRA,"5,000,000","25,000",2026-06-30,185,76,Right
51,Honest Ahanor,it ITA,DF,Genoa,it Serie A,16.0,2008.0,2,1,85,0.9,0,0,0,0,0,0,0,0,0.1,0.1,0.0,0.1,1,2,3,0.0,0.09,51,it ITA,DF,it Serie A,16-360,2008.0,0.9,0,1,0,0.0,1.06,0.0,0.0,,9.1,0,0,0,0.1,0.1,0.08,-0.1,-0.1,51,it ITA,DF,it Serie A,16-360,2008.0,0.9,12,17,70.6,275,122,0,0.0,0.0,0.0,0,0,0,0,2,51,it ITA,DF,it Serie A,16-360,2008.0,0.9,17,14,3,0,0,0,1,3,0,0,0,0,12,0,0,51,it ITA,DF,it Serie A,16-360,2008.0,0.9,2,2.12,1,0,0,0,1,0,0,0.0,51,it ITA,DF,it Serie A,16-360,2008.0,0.9,2,1,0,2,0,4,50.0,2,0,0,0,0,2,2,0,51,it ITA,DF,it Serie A,16-360,2008.0,0.9,24,1,9,6,9,1,24,1,0,0.0,0,0.0,11,87,29,1,0,0,1,1,9,3,65,it ITA,DF,it Serie A,16-360,2008.0,2,85.0,43.0,3.9,0.9,1,68.0,0,1,17.0,10,1.5,1.0,2.0,-1.0,-1.06,-0.63,0.8,2.1,-1.2,-1.31,51,it ITA,DF,it Serie A,16-360,2008.0,0.9,0,0,0,0,4,0,1,0,1,0,0,0,5,0,1,0.0,,,,,,,,,,,,,,,,,,,,,,,,,,,,,,,,,,,,,,,,,,,,,,,,,,,,,,Genoa,it ITA,"1,000,000","8,000",2025-06-30,176,70,Right
52,Erik Ahlstrand,se SWE,"FW,MF",St. Pauli,de Bundesliga,23.0,2001.0,5,0,43,0.5,0,0,0,0,0,0,0,0,0.0,0.0,0.0,0.0,1,1,3,0.0,0.0,52,se SWE,"FW,MF",de Bundesliga,23-126,2001.0,0.5,0,0,0,,0.0,0.0,,,,0,0,0,0.0,0.0,,0.0,0.0,52,se SWE,"FW,MF",de Bundesliga,23-126,2001.0,0.5,10,13,76.9,125,21,0,0.0,0.0,0.0,0,1,0,0,1,52,se SWE,"FW,MF",de Bundesliga,23-126,2001.0,0.5,13,13,0,0,0,0,0,0,0,0,0,0,10,0,0,52,se SWE,"FW,MF",de Bundesliga,23-126,2001.0,0.5,0,0.0,0,0,0,0,0,0,0,0.0,52,se SWE,"FW,MF",de Bundesliga,23-126,2001.0,0.5,0,0,0,0,0,0,,0,1,0,1,1,1,1,0,52,se SWE,"FW,MF",de Bundesliga,23-126,2001.0,0.5,22,0,2,10,10,2,22,0,0,,0,,12,68,26,1,2,0,3,0,14,3,66,se SWE,"FW,MF",de Bundesliga,23-126,2001.0,5,43.0,9.0,2.2,0.5,0,,0,5,9.0,5,1.2,1.0,1.0,0.0,0.0,0.33,1.7,1.3,0.5,0.98,52,se SWE,"FW,MF",de Bundesliga,23-126,2001.0,0.5,0,0,0,0,0,1,0,1,0,0,0,0,0,0,3,0.0,,,,,,,,,,,,,,,,,,,,,,,,,,,,,,,,,,,,,,,,,,,,,,,,,,,,,,St. Pauli,se SWE,"3,000,000","15,000",2024-06-30,180,75,Right
53,Jean-Eudes Aholou,ci CIV,MF,Angers,fr Ligue 1,30.0,1994.0,21,21,1590,17.7,2,0,2,2,0,0,6,0,1.7,1.7,0.4,2.0,14,61,13,0.11,0.12,53,ci CIV,MF,fr Ligue 1,30-334,1994.0,17.7,2,25,7,28.0,1.42,0.4,0.08,0.29,18.9,0,0,0,1.7,1.7,0.07,0.3,0.3,53,ci CIV,MF,fr Ligue 1,30-334,1994.0,17.7,548,642,85.4,8652,2289,0,0.4,0.5,-0.4,8,38,5,0,61,53,ci CIV,MF,fr Ligue 1,30-334,1994.0,17.7,642,633,7,7,1,2,2,0,0,0,0,0,548,2,7,53,ci CIV,MF,fr Ligue 1,30-334,1994.0,17.7,28,1.58,16,0,2,4,3,3,1,0.06,53,ci CIV,MF,fr Ligue 1,30-334,1994.0,17.7,45,28,21,15,9,39,48.7,20,30,14,16,32,77,28,0,53,ci CIV,MF,fr Ligue 1,30-334,1994.0,17.7,874,40,220,521,141,30,874,25,12,48.0,10,40.0,425,1857,893,14,7,2,25,11,518,13,67,ci CIV,MF,fr Ligue 1,30-334,1994.0,21,1590.0,76.0,80.3,17.7,21,76.0,6,0,,0,1.24,16.0,23.0,-7.0,-0.4,0.07,18.3,26.0,-7.6,-0.43,53,ci CIV,MF,fr Ligue 1,30-334,1994.0,17.7,6,0,0,39,19,1,2,32,28,0,0,0,86,30,18,62.5,,,,,,,,,,,,,,,,,,,,,,,,,,,,,,,,,,,,,,,,,,,,,,,,,,,,,,Angers,ci CIV,"9,000,000","40,000",2025-06-30,188,83,Right
54,Joseph Aidoo,gh GHA,DF,Valladolid,es La Liga,29.0,1995.0,2,2,180,2.0,0,0,0,0,0,0,0,0,0.0,0.0,0.0,0.0,0,3,0,0.0,0.0,54,gh GHA,DF,es La Liga,29-141,1995.0,2.0,0,0,0,,0.0,0.0,,,,0,0,0,0.0,0.0,,0.0,0.0,54,gh GHA,DF,es La Liga,29-141,1995.0,2.0,104,128,81.3,2035,860,0,0.0,0.0,0.0,0,6,1,0,3,54,gh GHA,DF,es La Liga,29-141,1995.0,2.0,128,122,6,2,0,0,0,0,0,0,0,0,104,0,2,54,gh GHA,DF,es La Liga,29-141,1995.0,2.0,1,0.5,1,0,0,0,0,0,0,0.0,54,gh GHA,DF,es La Liga,29-141,1995.0,2.0,2,2,1,1,0,2,100.0,0,0,0,0,3,5,9,0,54,gh GHA,DF,es La Liga,29-141,1995.0,2.0,144,18,86,59,0,0,144,0,0,,0,,101,478,232,0,0,0,0,0,104,0,68,gh GHA,DF,es La Liga,29-141,1995.0,2,180.0,90.0,8.3,2.0,2,90.0,2,0,,1,0.0,0.0,5.0,-5.0,-2.5,-1.23,0.9,3.4,-2.5,-1.24,54,gh GHA,DF,es La Liga,29-141,1995.0,2.0,0,0,0,0,1,0,0,3,2,0,0,0,9,1,1,50.0,,,,,,,,,,,,,,,,,,,,,,,,,,,,,,,,,,,,,,,,,,,,,,,,,,,,,,Valladolid,gh GHA,"10,000,000","45,000",2026-06-30,188,85,Right
54,Joseph Aidoo,gh GHA,DF,Valladolid,es La Liga,29.0,1995.0,2,2,180,2.0,0,0,0,0,0,0,0,0,0.0,0.0,0.0,0.0,0,3,0,0.0,0.0,54,gh GHA,DF,es La Liga,29-141,1995.0,2.0,0,0,0,,0.0,0.0,,,,0,0,0,0.0,0.0,,0.0,0.0,54,gh GHA,DF,es La Liga,29-141,1995.0,2.0,104,128,81.3,2035,860,0,0.0,0.0,0.0,0,6,1,0,3,54,gh GHA,DF,es La Liga,29-141,1995.0,2.0,128,122,6,2,0,0,0,0,0,0,0,0,104,0,2,54,gh GHA,DF,es La Liga,29-141,1995.0,2.0,1,0.5,1,0,0,0,0,0,0,0.0,54,gh GHA,DF,es La Liga,29-141,1995.0,2.0,2,2,1,1,0,2,100.0,0,0,0,0,3,5,9,0,54,gh GHA,DF,es La Liga,29-141,1995.0,2.0,144,18,86,59,0,0,144,0,0,,0,,101,478,232,0,0,0,0,0,104,0,68,gh GHA,DF,es La Liga,29-141,1995.0,2,180.0,90.0,8.3,2.0,2,90.0,2,0,,1,0.0,0.0,5.0,-5.0,-2.5,-1.23,0.9,3.4,-2.5,-1.24,54,gh GHA,DF,es La Liga,29-141,1995.0,2.0,0,0,0,0,1,0,0,3,2,0,0,0,9,1,1,50.0,,,,,,,,,,,,,,,,,,,,,,,,,,,,,,,,,,,,,,,,,,,,,,,,,,,,,,Celta Vigo,gh GHA,"12,000,000","50,000",2027-06-30,188,85,Right
55,Joseph Aidoo,gh GHA,DF,Celta Vigo,es La Liga,29.0,1995.0,1,0,2,0.0,0,0,0,0,0,0,0,0,0.0,0.0,0.0,0.0,0,1,0,0.0,0.0,55,gh GHA,DF,es La Liga,29-141,1995.0,0.0,0,0,0,,0.0,0.0,,,,0,0,0,0.0,0.0,,0.0,0.0,55,gh GHA,DF,es La Liga,29-141,1995.0,0.0,6,7,85.7,126,81,0,0.0,0.0,0.0,0,0,0,0,1,55,gh GHA,DF,es La Liga,29-141,1995.0,0.0,7,7,0,0,0,0,0,0,0,0,0,0,6,0,1,55,gh GHA,DF,es La Liga,29-141,1995.0,0.0,0,0.0,0,0,0,0,0,0,0,0.0,55,gh GHA,DF,es La Liga,29-141,1995.0,0.0,1,0,1,0,0,0,,0,0,0,0,0,1,0,0,55,gh GHA,DF,es La Liga,29-141,1995.0,0.0,8,0,4,4,0,0,8,0,0,,0,,7,9,8,0,0,0,0,1,6,0,69,gh GHA,DF,es La Liga,29-141,1995.0,1,2.0,2.0,0.1,0.0,0,,0,1,2.0,13,3.0,1.0,0.0,1.0,45.0,45.17,0.3,0.0,0.3,14.69,55,gh GHA,DF,es La Liga,29-141,1995.0,0.0,0,0,0,0,0,0,0,0,0,0,0,0,1,0,0,,,,,,,,,,,,,,,,,,,,,,,,,,,,,,,,,,,,,,,,,,,,,,,,,,,,,,,Valladolid,gh GHA,"10,000,000","45,000",2026-06-30,188,85,Right
55,Joseph Aidoo,gh GHA,DF,Celta Vigo,es La Liga,29.0,1995.0,1,0,2,0.0,0,0,0,0,0,0,0,0,0.0,0.0,0.0,0.0,0,1,0,0.0,0.0,55,gh GHA,DF,es La Liga,29-141,1995.0,0.0,0,0,0,,0.0,0.0,,,,0,0,0,0.0,0.0,,0.0,0.0,55,gh GHA,DF,es La Liga,29-141,1995.0,0.0,6,7,85.7,126,81,0,0.0,0.0,0.0,0,0,0,0,1,55,gh GHA,DF,es La Liga,29-141,1995.0,0.0,7,7,0,0,0,0,0,0,0,0,0,0,6,0,1,55,gh GHA,DF,es La Liga,29-141,1995.0,0.0,0,0.0,0,0,0,0,0,0,0,0.0,55,gh GHA,DF,es La Liga,29-141,1995.0,0.0,1,0,1,0,0,0,,0,0,0,0,0,1,0,0,55,gh GHA,DF,es La Liga,29-141,1995.0,0.0,8,0,4,4,0,0,8,0,0,,0,,7,9,8,0,0,0,0,1,6,0,69,gh GHA,DF,es La Liga,29-141,1995.0,1,2.0,2.0,0.1,0.0,0,,0,1,2.0,13,3.0,1.0,0.0,1.0,45.0,45.17,0.3,0.0,0.3,14.69,55,gh GHA,DF,es La Liga,29-141,1995.0,0.0,0,0,0,0,0,0,0,0,0,0,0,0,1,0,0,,,,,,,,,,,,,,,,,,,,,,,,,,,,,,,,,,,,,,,,,,,,,,,,,,,,,,,Celta Vigo,gh GHA,"12,000,000","50,000",2027-06-30,188,85,Right
56,Ayman Aiki,fr FRA,"FW,MF",Saint-Étienne,fr Ligue 1,19.0,2005.0,5,1,127,1.4,0,0,0,0,0,0,0,0,0.1,0.1,0.0,0.1,4,5,8,0.0,0.09,56,fr FRA,"FW,MF",fr Ligue 1,19-237,2005.0,1.4,0,3,1,33.3,2.13,0.71,0.0,0.0,23.5,0,0,0,0.1,0.1,0.03,-0.1,-0.1,56,fr FRA,"FW,MF",fr Ligue 1,19-237,2005.0,1.4,17,29,58.6,234,93,0,0.0,0.0,0.0,1,2,1,0,5,56,fr FRA,"FW,MF",fr Ligue 1,19-237,2005.0,1.4,29,29,0,0,0,0,1,0,0,0,0,0,17,0,1,56,fr FRA,"FW,MF",fr Ligue 1,19-237,2005.0,1.4,1,0.71,1,0,0,0,0,0,0,0.0,56,fr FRA,"FW,MF",fr Ligue 1,19-237,2005.0,1.4,3,3,1,2,0,1,100.0,0,1,0,1,1,4,0,0,56,fr FRA,"FW,MF",fr Ligue 1,19-237,2005.0,1.4,48,1,10,20,19,2,48,4,0,0.0,4,100.0,33,169,95,4,2,1,5,7,37,8,72,fr FRA,"FW,MF",fr Ligue 1,19-237,2005.0,5,127.0,25.0,6.4,1.4,1,58.0,0,4,17.0,3,0.0,0.0,3.0,-3.0,-2.13,-0.81,0.3,3.3,-3.1,-2.17,56,fr FRA,"FW,MF",fr Ligue 1,19-237,2005.0,1.4,0,0,0,4,1,0,1,1,3,0,0,0,7,1,4,20.0,,,,,,,,,,,,,,,,,,,,,,,,,,,,,,,,,,,,,,,,,,,,,,,,,,,,,,Saint-Étienne,fr FRA,"3,000,000","18,000",2025-06-30,174,67,Left
57,Ola Aina,ng NGA,DF,Nott'ham Forest,eng Premier League,28.0,1996.0,25,25,2171,24.1,2,1,3,2,0,0,2,0,0.6,0.6,0.7,1.3,48,85,47,0.12,0.05,57,ng NGA,DF,eng Premier League,28-132,1996.0,24.1,2,7,2,28.6,0.29,0.08,0.29,1.0,22.8,0,0,0,0.6,0.6,0.08,1.4,1.4,57,ng NGA,DF,eng Premier League,28-132,1996.0,24.1,740,1004,73.7,11403,4874,1,0.7,1.3,0.3,10,67,15,7,85,57,ng NGA,DF,eng Premier League,28-132,1996.0,24.1,1004,797,205,13,0,3,34,192,0,0,0,0,740,2,30,57,ng NGA,DF,eng Premier League,28-132,1996.0,24.1,45,1.87,35,5,2,1,1,1,2,0.08,57,ng NGA,DF,eng Premier League,28-132,1996.0,24.1,46,35,32,13,1,49,61.2,19,27,10,17,29,75,77,1,57,ng NGA,DF,eng Premier League,28-132,1996.0,24.1,1270,113,466,531,297,18,1270,53,27,50.9,17,32.1,555,3624,2146,48,33,9,31,17,604,47,73,ng NGA,DF,eng Premier League,28-132,1996.0,25,2171.0,87.0,96.5,24.1,25,87.0,21,0,,0,1.88,41.0,26.0,15.0,0.62,4.04,31.6,27.1,4.5,0.19,57,ng NGA,DF,eng Premier League,28-132,1996.0,24.1,2,0,0,15,28,2,34,29,35,0,0,0,139,11,17,39.3,,,,,,,,,,,,,,,,,,,,,,,,,,,,,,,,,,,,,,,,,,,,,,,,,,,,,,Nott'ham Forest,ng NGA,"15,000,000","60,000",2026-06-30,184,76,Right
